iso_code,continent,location,last_updated_date,total_cases,new_cases,new_cases_smoothed,total_deaths,new_deaths,new_deaths_smoothed,total_cases_per_million,new_cases_per_million,new_cases_smoothed_per_million,total_deaths_per_million,new_deaths_per_million,new_deaths_smoothed_per_million,reproduction_rate,icu_patients,icu_patients_per_million,hosp_patients,hosp_patients_per_million,weekly_icu_admissions,weekly_icu_admissions_per_million,weekly_hosp_admissions,weekly_hosp_admissions_per_million,new_tests,total_tests,total_tests_per_thousand,new_tests_per_thousand,new_tests_smoothed,new_tests_smoothed_per_thousand,positive_rate,tests_per_case,tests_units,total_vaccinations,people_vaccinated,people_fully_vaccinated,new_vaccinations,new_vaccinations_smoothed,total_vaccinations_per_hundred,people_vaccinated_per_hundred,people_fully_vaccinated_per_hundred,new_vaccinations_smoothed_per_million,stringency_index,population,population_density,median_age,aged_65_older,aged_70_older,gdp_per_capita,extreme_poverty,cardiovasc_death_rate,diabetes_prevalence,female_smokers,male_smokers,handwashing_facilities,hospital_beds_per_thousand,life_expectancy,human_development_index
AFG,Asia,Afghanistan,2021-05-15,63412.0,57.0,236.714,2733.0,3.0,7.143,1628.942,1.464,6.081,70.206,0.077,0.183,1.27,,,,,,,,,,,,,,,,,,504502.0,448878.0,55624.0,,13921.0,1.3,1.15,0.14,358.0,5.56,38928341.0,54.422,18.6,2.581,1.337,1803.987,,597.029,9.59,,,37.746,0.5,64.83,0.511
OWID_AFR,,Africa,2021-05-15,4681225.0,6802.0,8317.286,126088.0,240.0,278.714,3491.893,5.074,6.204,94.054,0.179,0.208,,,,,,,,,,,,,,,,,,,23590560.0,16672932.0,5869096.0,213171.0,452543.0,1.76,1.24,0.44,338.0,,1340598113.0,,,,,,,,,,,,,,
ALB,Europe,Albania,2021-05-15,131978.0,39.0,44.571,2429.0,2.0,2.571,45860.727,13.552,15.488,844.048,0.695,0.894,0.64,,,,,,,,,2956.0,643271.0,223.529,1.027,2752.0,0.956,0.025,40.5,tests performed,653330.0,448571.0,204759.0,14992.0,9662.0,22.7,15.59,7.12,3357.0,60.19,2877800.0,104.871,38.0,13.188,8.643,11803.431,1.1,304.195,10.08,7.1,51.2,,2.89,78.57,0.795
DZA,Africa,Algeria,2021-05-15,125194.0,135.0,184.857,3366.0,6.0,6.429,2854.983,3.079,4.216,76.76,0.137,0.147,0.9,,,,,,,,,,,,,,,,,,,,,,,,,,,,43851043.0,17.348,29.1,6.211,3.857,13913.839,0.5,278.364,6.73,0.7,30.4,83.741,1.9,76.88,0.748
AND,Europe,Andorra,2021-05-15,13510.0,0.0,14.857,127.0,0.0,0.0,174852.779,0.0,192.288,1643.694,0.0,0.0,0.78,,,,,,,,,,186191.0,2409.772,,388.0,5.022,0.049,20.3,people tested,31633.0,26931.0,4702.0,,393.0,40.94,34.86,6.09,5086.0,65.74,77265.0,163.755,,,,,,109.135,7.97,29.0,37.8,,,83.73,0.868
AGO,Africa,Angola,2021-05-15,30354.0,324.0,268.143,655.0,4.0,3.571,923.561,9.858,8.159,19.929,0.122,0.109,1.19,,,,,,,,,,,,,,,,,,626572.0,586377.0,40195.0,,8959.0,1.91,1.78,0.12,273.0,58.33,32866268.0,23.89,16.8,2.405,1.362,5819.495,,276.045,3.94,,,26.664,,61.15,0.581
ATG,North America,Antigua and Barbuda,2021-05-15,1241.0,1.0,1.286,33.0,1.0,0.143,12672.576,10.212,13.129,336.982,10.212,1.459,0.48,,,,,,,,,,,,,,,,,,31262.0,31262.0,,,63.0,31.92,31.92,,643.0,,97928.0,231.845,32.1,6.933,4.631,21490.943,,191.511,13.17,,,,3.8,77.02,0.778
ARG,South America,Argentina,2021-05-15,3290935.0,21469.0,22111.0,70253.0,400.0,458.714,72815.1,475.022,489.227,1554.415,8.85,10.149,1.0,,,,,,,,,26666.0,9061310.0,200.49,0.59,31378.0,0.694,0.292,3.4,tests performed,9862623.0,7992532.0,1870091.0,158259.0,122982.0,21.82,17.68,4.14,2721.0,84.26,45195777.0,16.177,31.9,11.198,7.441,18933.907,0.6,191.032,5.5,16.2,27.7,,5.0,76.67,0.845
ARM,Asia,Armenia,2021-05-15,220729.0,282.0,233.857,4314.0,13.0,12.714,74489.224,95.166,78.92,1455.842,4.387,4.291,0.68,,,,,,,,,3723.0,1026974.0,346.572,1.256,3157.0,1.065,0.086,11.7,tests performed,10727.0,10727.0,,,248.0,0.36,0.36,,84.0,,2963234.0,102.931,35.7,11.232,7.571,8787.58,1.8,341.01,7.11,1.5,52.1,94.043,4.2,75.09,0.776
ABW,North America,Aruba,2021-05-15,,,,,,,,,,,,,,,,,,,,,,,,,,,,,,,88602.0,57481.0,31121.0,1066.0,1129.0,82.99,53.84,29.15,10575.0,60.19,106766.0,584.8,41.2,13.085,7.452,35973.781,,,11.62,,,,,76.29,
OWID_ASI,,Asia,2021-05-15,46478243.0,382776.0,426259.714,601768.0,5396.0,5503.0,10017.192,82.498,91.869,129.696,1.163,1.186,,,,,,,,,,,,,,,,,,,722290184.0,227068181.0,87643849.0,14856511.0,14526663.0,15.57,4.89,1.89,3131.0,,4639847425.0,,,,,,,,,,,,,,
AUS,Oceania,Australia,2021-05-15,29975.0,11.0,7.571,910.0,0.0,0.0,1175.496,0.431,0.297,35.686,0.0,0.0,0.65,,,,,,,,,55232.0,17411746.0,682.817,2.166,47275.0,1.854,0.0,5170.6,tests performed,3056797.0,,,76153.0,61296.0,11.99,,,2404.0,48.61,25499881.0,3.202,37.9,15.504,10.129,44648.71,0.5,107.791,5.07,13.0,16.5,,3.84,83.44,0.944
AUT,Europe,Austria,2021-05-15,636424.0,644.0,910.571,10470.0,15.0,13.714,70663.528,71.505,101.103,1162.507,1.665,1.523,0.72,409.0,45.412,865.0,96.043,,,,,379788.0,35383018.0,3928.653,42.169,305727.0,33.946,0.004,277.2,tests performed,4027734.0,2965230.0,1073377.0,54315.0,56153.0,44.72,32.92,11.92,6235.0,73.61,9006400.0,106.749,44.4,19.202,13.748,45436.686,0.7,145.183,6.35,28.4,30.9,,7.37,81.54,0.922
AZE,Asia,Azerbaijan,2021-05-15,329371.0,377.0,473.571,4768.0,14.0,14.571,32484.99,37.183,46.707,470.255,1.381,1.437,0.58,,,,,,,,,7733.0,3360900.0,331.477,0.763,8617.0,0.85,0.066,15.1,tests performed,1777426.0,1026376.0,751050.0,15794.0,16522.0,17.53,10.12,7.41,1630.0,73.15,10139175.0,119.309,32.4,6.018,3.871,15847.419,,559.812,7.11,0.3,42.5,83.241,4.7,73.0,0.756
BHS,North America,Bahamas,2021-05-15,11024.0,0.0,35.857,216.0,0.0,0.571,28033.2,0.0,91.182,549.272,0.0,1.453,1.08,,,,,,,,,,,,,,,,,,36000.0,36000.0,,,859.0,9.15,9.15,,2184.0,59.72,393248.0,39.497,34.3,8.996,5.2,27717.847,,235.954,13.17,3.1,20.4,,2.9,73.92,0.814
BHR,Asia,Bahrain,2021-05-15,199093.0,1619.0,1598.286,737.0,5.0,8.429,117004.578,951.467,939.293,433.126,2.938,4.953,1.13,,,,,,,,,15745.0,4307946.0,2531.728,9.253,16884.0,9.923,0.095,10.5,units unclear,1456417.0,830033.0,626384.0,8454.0,14086.0,85.59,48.78,36.81,8278.0,53.7,1701583.0,1935.907,32.4,2.372,1.387,43290.705,,151.689,16.52,5.8,37.6,,2.0,77.29,0.852
BGD,Asia,Bangladesh,2021-05-15,779796.0,261.0,1095.571,12124.0,22.0,35.143,4734.95,1.585,6.652,73.617,0.134,0.213,0.63,,,,,,,,,13471.0,5680290.0,34.491,0.082,15490.0,0.094,0.088,11.4,tests performed,9471065.0,5819912.0,3651153.0,57632.0,62964.0,5.75,3.53,2.22,382.0,83.33,164689383.0,1265.036,27.5,5.098,3.262,3523.984,14.8,298.003,8.38,1.0,44.7,34.808,0.8,72.59,0.632
BRB,North America,Barbados,2021-05-15,3965.0,4.0,4.571,46.0,0.0,0.143,13797.495,13.919,15.908,160.072,0.0,0.497,0.98,,,,,,,,,,,,,,,,,,116924.0,75794.0,41130.0,2281.0,1871.0,40.69,26.37,14.31,6511.0,72.22,287371.0,664.463,39.8,14.952,9.473,16978.068,,170.05,13.57,1.9,14.5,88.469,5.8,79.19,0.814
BLR,Europe,Belarus,2021-05-15,374714.0,1363.0,1005.714,2691.0,10.0,9.857,39655.124,144.243,106.432,284.782,1.058,1.043,0.96,,,,,,,,,,6036143.0,638.791,,13394.0,1.417,0.078,12.9,tests performed,,,,,,,,,,27.78,9449321.0,46.858,40.3,14.799,9.788,17167.967,,443.129,5.18,10.5,46.1,,11.0,74.79,0.823
BEL,Europe,Belgium,2021-05-15,1030071.0,1967.0,2245.714,24686.0,22.0,25.0,88878.786,169.721,193.77,2130.01,1.898,2.157,0.92,702.0,60.571,2172.0,187.409,,,1145.64,98.851,55306.0,13181004.0,1137.312,4.772,51152.0,4.414,0.06,16.7,tests performed,5205148.0,3889089.0,1345138.0,54684.0,75680.0,44.91,33.56,11.61,6530.0,54.63,11589616.0,375.564,41.8,18.571,12.849,42658.576,0.2,114.898,4.29,25.1,31.4,,5.64,81.63,0.931
BLZ,North America,Belize,2021-05-15,12714.0,0.0,4.0,323.0,0.0,0.0,31975.172,0.0,10.06,812.331,0.0,0.0,0.86,,,,,,,,,,,,,,,,,,50292.0,50292.0,,934.0,604.0,12.65,12.65,,1519.0,56.48,397621.0,16.426,25.0,3.853,2.279,7824.362,,176.957,17.11,,,90.083,1.3,74.62,0.716
BEN,Africa,Benin,2021-05-15,7995.0,0.0,15.857,101.0,0.0,0.143,659.479,0.0,1.308,8.331,0.0,0.012,0.73,,,,,,,,,,,,,,,,,,10683.0,10683.0,,,,0.09,0.09,,,38.89,12123198.0,99.11,18.8,3.244,1.942,2064.236,49.6,235.848,0.99,0.6,12.3,11.035,0.5,61.77,0.545
BMU,North America,Bermuda,2021-05-12,,,,,,,,,,,,,,,,,,,,,,,,,,,,,,,63994.0,34966.0,29028.0,,580.0,102.76,56.15,46.61,9314.0,53.7,62273.0,1308.82,,,,50669.315,,139.547,13.0,,,,,82.59,
BTN,Asia,Bhutan,2021-05-15,1279.0,3.0,11.0,1.0,0.0,0.0,1657.569,3.888,14.256,1.296,0.0,0.0,1.22,,,,,,,,,2207.0,736272.0,954.2,2.86,2322.0,3.009,0.006,159.4,samples tested,481978.0,481978.0,,98.0,124.0,62.46,62.46,,161.0,69.91,771612.0,21.188,28.6,4.885,2.977,8708.597,1.5,217.066,9.75,,,79.807,1.7,71.78,0.654
BOL,South America,Bolivia,2021-05-15,329733.0,2509.0,1740.857,13451.0,42.0,35.143,28247.424,214.94,149.135,1152.314,3.598,3.011,1.19,,,,,,,,,4720.0,1245408.0,106.691,0.404,8804.0,0.754,0.179,5.6,tests performed,1093965.0,810391.0,283574.0,37070.0,13810.0,9.37,6.94,2.43,1183.0,27.78,11673029.0,10.202,25.4,6.704,4.393,6885.829,7.1,204.299,6.89,,,25.383,1.1,71.51,0.718
BIH,Europe,Bosnia and Herzegovina,2021-05-15,202143.0,0.0,207.143,8981.0,0.0,27.286,61613.654,0.0,63.138,2737.43,0.0,8.317,0.68,,,,,,,,,1799.0,936259.0,285.374,0.548,2322.0,0.708,0.102,9.9,tests performed,,,,,,,,,,45.37,3280815.0,68.496,42.5,16.569,10.711,11713.895,0.2,329.635,10.08,30.2,47.7,97.164,3.5,77.4,0.78
BWA,Africa,Botswana,2021-05-15,49656.0,0.0,177.0,761.0,0.0,3.857,21115.612,0.0,75.267,323.606,0.0,1.64,1.11,,,,,,,,,,,,,,,,,,53375.0,53375.0,,,499.0,2.27,2.27,,212.0,62.04,2351625.0,4.044,25.8,3.941,2.242,15807.374,,237.372,4.81,5.7,34.4,,1.8,69.59,0.735
BRA,South America,Brazil,2021-05-15,15586534.0,67009.0,62950.714,434715.0,2087.0,1914.143,73327.895,315.248,296.156,2045.146,9.818,9.005,1.0,,,,,,,,,,,,,,,,,,52641583.0,35731848.0,16909735.0,548341.0,800404.0,24.77,16.81,7.96,3766.0,60.65,212559409.0,25.04,33.5,8.552,5.06,14103.452,3.4,177.961,8.11,10.1,17.9,,2.2,75.88,0.765
BRN,Asia,Brunei,2021-05-15,232.0,0.0,0.286,3.0,0.0,0.0,530.306,0.0,0.653,6.857,0.0,0.0,0.76,,,,,,,,,,,,,,,,,,15905.0,15043.0,862.0,,432.0,3.64,3.44,0.2,987.0,40.74,437483.0,81.347,32.4,4.591,2.382,71809.251,,201.285,12.79,2.0,30.9,,2.7,75.86,0.838
BGR,Europe,Bulgaria,2021-05-15,414041.0,203.0,582.857,17250.0,7.0,49.714,59587.577,29.215,83.883,2482.57,1.007,7.155,0.72,566.0,81.457,5882.0,846.52,,,,,11248.0,2642503.0,380.301,1.619,11467.0,1.65,0.066,15.1,tests performed,1113351.0,700203.0,413148.0,6591.0,25847.0,16.02,10.08,5.95,3720.0,50.93,6948445.0,65.18,44.7,20.801,13.272,18563.307,1.5,424.688,5.81,30.1,44.4,,7.454,75.05,0.816
BFA,Africa,Burkina Faso,2021-05-15,13395.0,1.0,2.571,164.0,0.0,0.286,640.809,0.048,0.123,7.846,0.0,0.014,0.77,,,,,,,,,,,,,,,,,,,,,,,,,,,25.0,20903278.0,70.151,17.6,2.409,1.358,1703.102,43.7,269.048,2.42,1.6,23.9,11.877,0.4,61.58,0.452
BDI,Africa,Burundi,2021-05-15,4290.0,8.0,20.143,6.0,0.0,0.0,360.784,0.673,1.694,0.505,0.0,0.0,1.02,,,,,,,,,,,,,,,,,,,,,,,,,,,15.74,11890781.0,423.062,17.5,2.562,1.504,702.225,71.7,293.068,6.05,,,6.144,0.8,61.58,0.433
KHM,Asia,Cambodia,2021-05-15,21834.0,335.0,445.286,147.0,0.0,4.714,1305.942,20.037,26.634,8.792,0.0,0.282,1.18,,,,,,,,,,,,,,,,,,3214835.0,2066813.0,1148022.0,33920.0,55464.0,19.23,12.36,6.87,3317.0,72.69,16718971.0,90.672,25.6,4.412,2.385,3645.07,,270.892,4.0,2.0,33.7,66.229,0.8,69.82,0.594
CMR,Africa,Cameroon,2021-05-15,74946.0,0.0,0.0,1152.0,0.0,0.0,2823.265,0.0,0.0,43.397,0.0,0.0,0.54,,,,,,,,,,,,,,,,,,,,,,,,,,,37.96,26545864.0,50.885,18.8,3.165,1.919,3364.926,23.8,244.661,7.2,,,2.735,1.3,59.29,0.563
CAN,North America,Canada,2021-05-15,1331480.0,4491.0,6221.143,24884.0,27.0,47.143,35278.323,118.992,164.833,659.316,0.715,1.249,0.92,1343.0,35.584,3700.0,98.034,,,,,129090.0,33130218.0,877.804,3.42,123423.0,3.27,0.053,18.8,tests performed,18098814.0,16703298.0,1395516.0,364492.0,349538.0,47.95,44.26,3.7,9261.0,75.46,37742157.0,4.037,41.4,16.984,10.797,44017.591,0.5,105.599,7.37,12.0,16.6,,2.5,82.43,0.929
CPV,Africa,Cape Verde,2021-05-15,27951.0,279.0,262.857,246.0,2.0,2.0,50272.668,501.809,472.775,442.456,3.597,3.597,1.06,,,,,,,,,1876.0,,,3.374,,,,,tests performed,21318.0,18650.0,2668.0,,390.0,3.83,3.35,0.48,701.0,59.26,555988.0,135.58,25.7,4.46,3.437,6222.554,,182.219,2.42,2.1,16.5,,2.1,72.98,0.665
CYM,North America,Cayman Islands,2021-05-14,,,,,,,,,,,,,,,,,,,,,,,,,,,,,,,73721.0,39792.0,33921.0,463.0,564.0,112.17,60.55,51.61,8582.0,,65720.0,256.496,,,,49903.029,,,13.22,,,,,83.92,
CAF,Africa,Central African Republic,2021-05-15,6866.0,0.0,27.429,95.0,0.0,0.286,1421.602,0.0,5.679,19.67,0.0,0.059,1.4,,,,,,,,,,,,,,,,,,667.0,667.0,,,,0.01,0.01,,,27.78,4829764.0,7.479,18.3,3.655,2.251,661.24,,435.727,6.1,,,16.603,1.0,53.28,0.397
TCD,Africa,Chad,2021-05-15,4901.0,4.0,3.857,173.0,0.0,0.286,298.371,0.244,0.235,10.532,0.0,0.017,0.88,,,,,,,,,,,,,,,,,,,,,,,,,,,16.67,16425859.0,11.833,16.7,2.486,1.446,1768.153,38.4,280.995,6.1,,,5.818,,54.24,0.398
CHL,South America,Chile,2021-05-15,1280252.0,6736.0,5468.0,27734.0,87.0,90.429,66972.065,352.371,286.04,1450.811,4.551,4.73,0.95,,,,,,,,,60976.0,13750280.0,719.3,3.19,54805.0,2.867,0.096,10.4,tests performed,16563864.0,9072228.0,7491636.0,151826.0,125722.0,86.65,47.46,39.19,6577.0,78.24,19116209.0,24.282,35.4,11.087,6.938,22767.037,1.3,127.993,8.46,34.2,41.5,,2.11,80.18,0.851
CHN,Asia,China,2021-05-15,102717.0,21.0,14.857,4846.0,0.0,0.0,71.365,0.015,0.01,3.367,0.0,0.0,0.89,,,,,,,,,,,,,,,,,,392987000.0,,,12354000.0,10771571.0,27.3,,,7484.0,63.43,1439323774.0,147.674,38.7,10.641,5.929,15308.712,0.7,261.899,9.74,1.9,48.4,,4.34,76.91,0.761
COL,South America,Colombia,2021-05-15,3103333.0,18873.0,16828.143,80780.0,530.0,488.714,60989.723,370.911,330.723,1587.567,10.416,9.605,1.01,,,,,,,,,72705.0,15670000.0,307.962,1.429,72806.0,1.431,0.26,3.8,tests performed,7044644.0,4351490.0,2693154.0,193481.0,160464.0,13.84,8.55,5.29,3154.0,82.41,50882884.0,44.223,32.2,7.646,4.312,13254.949,4.5,124.24,7.44,4.7,13.5,65.386,1.71,77.29,0.767
COM,Africa,Comoros,2021-05-15,3863.0,3.0,1.286,146.0,0.0,0.0,4442.298,3.45,1.479,167.894,0.0,0.0,0.9,,,,,,,,,,,,,,,,,,43728.0,43140.0,588.0,,1442.0,5.03,4.96,0.07,1658.0,,869595.0,437.352,20.4,2.963,1.726,1413.89,18.1,261.516,11.88,4.4,23.6,15.574,2.2,64.32,0.554
COG,Africa,Congo,2021-05-15,11343.0,0.0,28.0,148.0,0.0,0.0,2055.602,0.0,5.074,26.821,0.0,0.0,0.34,,,,,,,,,,,,,,,,,,38151.0,22531.0,15620.0,,852.0,0.69,0.41,0.28,154.0,,5518092.0,15.405,19.0,3.402,2.063,4881.406,37.0,344.094,7.2,1.7,52.3,47.964,,64.57,0.574
CRI,North America,Costa Rica,2021-05-15,282741.0,0.0,2465.0,3547.0,0.0,26.0,55503.469,0.0,483.892,696.294,0.0,5.104,1.33,,,,,,,,,5708.0,892861.0,175.273,1.121,6840.0,1.343,0.269,3.7,people tested,1093931.0,657301.0,436630.0,,20526.0,21.47,12.9,8.57,4029.0,56.48,5094114.0,96.079,33.6,9.468,5.694,15524.995,1.3,137.973,8.78,6.4,17.4,83.841,1.13,80.28,0.81
CIV,Africa,Cote d'Ivoire,2021-05-15,46535.0,0.0,21.429,295.0,0.0,0.571,1764.141,0.0,0.812,11.183,0.0,0.022,0.85,,,,,,,,,1805.0,614959.0,23.313,0.068,1705.0,0.065,0.024,41.9,samples tested,295309.0,295309.0,,2772.0,11471.0,1.12,1.12,,435.0,25.93,26378275.0,76.399,18.7,2.933,1.582,3601.006,28.2,303.74,2.42,,,19.351,,57.78,0.538
HRV,Europe,Croatia,2021-05-15,349910.0,826.0,868.714,7687.0,23.0,37.571,85234.387,201.205,211.61,1872.472,5.603,9.152,0.71,,,2032.0,494.974,,,1259.451,306.789,7501.0,1906407.0,464.381,1.827,7255.0,1.767,0.14,7.1,people tested,1346991.0,1039233.0,307758.0,36535.0,32755.0,32.81,25.31,7.5,7979.0,49.07,4105268.0,73.726,44.0,19.724,13.053,22669.797,0.7,253.782,5.59,34.3,39.9,,5.54,78.49,0.851
CUB,North America,Cuba,2021-05-15,123221.0,1383.0,1187.0,796.0,11.0,10.571,10878.889,122.102,104.797,70.277,0.971,0.933,1.05,,,,,,,,,22934.0,3923413.0,346.389,2.025,22686.0,2.003,0.049,20.6,tests performed,70000.0,70000.0,,,,0.62,0.62,,,81.48,11326616.0,110.408,43.1,14.738,9.719,,,190.968,8.27,17.1,53.3,85.198,5.2,78.8,0.783
CUW,North America,Curacao,2021-05-15,,,,,,,,,,,,,,,,,,,,,,,,,,,,,,,120109.0,79333.0,40776.0,2496.0,1701.0,73.19,48.34,24.85,10366.0,,164100.0,362.644,41.7,16.367,10.068,,,,11.62,,,,,78.88,
CYP,Europe,Cyprus,2021-05-15,70899.0,157.0,248.0,346.0,0.0,1.714,80944.264,179.244,283.138,395.023,0.0,1.957,0.73,35.0,39.959,224.0,255.737,23.673,27.027,154.86,176.801,74926.0,5976135.0,6822.859,85.542,73746.0,84.195,0.004,242.5,tests performed,424489.0,320309.0,104180.0,15365.0,11759.0,48.46,36.57,11.89,13425.0,75.0,875899.0,127.657,37.3,13.416,8.563,32415.132,,141.171,9.24,19.6,52.7,,3.4,80.98,0.887
CZE,Europe,Czechia,2021-05-15,1652238.0,1060.0,1129.0,29886.0,29.0,34.143,154285.253,98.982,105.426,2790.741,2.708,3.188,0.73,373.0,34.831,1865.0,174.153,795.117,74.248,3638.11,339.725,179207.0,,,16.734,170425.0,15.914,0.007,142.9,tests performed,4110065.0,3028732.0,1103803.0,31353.0,67353.0,38.38,28.28,10.31,6289.0,56.48,10708982.0,137.176,43.3,19.027,11.58,32605.906,,227.485,6.82,30.5,38.3,,6.63,79.38,0.9
COD,Africa,Democratic Republic of Congo,2021-05-15,30546.0,35.0,37.286,776.0,1.0,0.571,341.062,0.391,0.416,8.664,0.011,0.006,0.95,,,,,,,,,255.0,,,0.003,326.0,0.004,0.131,7.6,samples tested,,,,,,,,,,35.19,89561404.0,35.879,17.0,3.02,1.745,808.133,77.1,318.949,6.1,,,4.472,,60.68,0.48
DNK,Europe,Denmark,2021-05-15,266240.0,1075.0,1051.286,2503.0,3.0,0.714,45965.24,185.594,181.5,432.133,0.518,0.123,1.28,31.0,5.352,150.0,25.897,,,145.234,25.074,188737.0,27663562.0,4776.0,32.585,171195.0,29.556,0.004,224.1,tests performed,2633926.0,1627096.0,1006830.0,51253.0,47824.0,45.47,28.09,17.38,8257.0,53.7,5792203.0,136.52,42.3,19.677,12.325,46682.515,0.2,114.767,6.41,19.3,18.8,,2.5,80.9,0.94
DJI,Africa,Djibouti,2021-05-15,11414.0,12.0,11.286,151.0,0.0,0.286,11552.608,12.146,11.423,152.834,0.0,0.289,0.51,,,,,,,,,,,,,,,,,,,,,,,,,,,,988002.0,41.285,25.4,4.213,2.38,2705.406,22.5,258.037,6.05,1.7,24.5,,1.4,67.11,0.524
DMA,North America,Dominica,2021-05-15,178.0,0.0,0.429,,,0.0,2472.531,0.0,5.953,,,0.0,0.12,,,,,,,,,,,,,,,,,,33037.0,19099.0,13938.0,,280.0,45.89,26.53,19.36,3889.0,29.63,71991.0,98.567,,,,9673.367,,227.376,11.62,,,,3.8,75.0,0.742
DOM,North America,Dominican Republic,2021-05-15,276272.0,894.0,810.286,3569.0,4.0,6.571,25467.777,82.412,74.695,329.004,0.369,0.606,1.24,,,,,,,,,4194.0,1456859.0,134.299,0.387,5460.0,0.503,0.124,8.1,samples tested,3071487.0,2251255.0,820232.0,130457.0,106626.0,28.31,20.75,7.56,9829.0,70.37,10847904.0,222.873,27.6,6.981,4.419,14600.861,1.6,266.653,8.2,8.5,19.1,55.182,1.6,74.08,0.756
ECU,South America,Ecuador,2021-05-15,409520.0,2518.0,1514.143,19692.0,178.0,79.286,23211.393,142.719,85.821,1116.133,10.089,4.494,0.99,,,,,,,,,3901.0,1300258.0,73.698,0.221,4641.0,0.263,0.322,3.1,people tested,1405898.0,1101897.0,304001.0,50200.0,27175.0,7.97,6.25,1.72,1540.0,75.46,17643060.0,66.939,28.1,7.104,4.458,10581.936,3.6,140.448,5.55,2.0,12.3,80.635,1.5,77.01,0.759
EGY,Africa,Egypt,2021-05-15,244520.0,1203.0,1178.286,14269.0,63.0,60.571,2389.421,11.756,11.514,139.435,0.616,0.592,1.09,,,,,,,,,,,,,,,,,,1371976.0,1133956.0,238020.0,,32028.0,1.34,1.11,0.23,313.0,50.93,102334403.0,97.999,25.3,5.159,2.891,10550.206,1.3,525.432,17.31,0.2,50.1,89.827,1.6,71.99,0.707
SLV,North America,El Salvador,2021-05-15,71330.0,415.0,153.571,2182.0,4.0,4.571,10997.192,63.982,23.677,336.406,0.617,0.705,1.19,,,,,,,,,,,,,,,,,,1350587.0,1024727.0,325860.0,40338.0,31823.0,20.82,15.8,5.02,4906.0,26.85,6486201.0,307.811,27.6,8.273,5.417,7292.458,2.2,167.295,8.87,2.5,18.8,90.65,1.3,73.32,0.673
GNQ,Africa,Equatorial Guinea,2021-05-15,7694.0,0.0,0.0,112.0,0.0,0.0,5484.022,0.0,0.0,79.83,0.0,0.0,0.47,,,,,,,,,,,,,,,,,,,,,,,,,,,,1402985.0,45.194,22.4,2.846,1.752,22604.873,,202.812,7.78,,,24.64,2.1,58.74,0.592
ERI,Africa,Eritrea,2021-05-15,3844.0,22.0,14.571,12.0,0.0,0.0,1083.908,6.203,4.109,3.384,0.0,0.0,1.22,,,,,,,,,,,,,,,,,,,,,,,,,,,,3546427.0,44.304,19.3,3.607,2.171,1510.459,,311.11,6.05,0.2,11.4,,0.7,66.32,0.459
EST,Europe,Estonia,2021-05-15,126922.0,280.0,288.714,1220.0,3.0,3.571,95679.057,211.076,217.645,919.686,2.262,2.692,0.9,44.0,33.169,293.0,220.876,30.943,23.326,178.672,134.69,5110.0,1357257.0,1023.156,3.852,4371.0,3.295,0.072,13.8,tests performed,578346.0,400380.0,177966.0,3455.0,7006.0,43.6,30.18,13.42,5281.0,44.44,1326539.0,31.033,42.7,19.452,13.491,29481.252,0.5,255.569,4.02,24.5,39.3,,4.69,78.74,0.892
SWZ,Africa,Eswatini,2021-05-15,18519.0,8.0,6.0,671.0,0.0,0.0,15962.398,6.896,5.172,578.367,0.0,0.0,0.59,,,,,,,,,,,,,,,,,,35227.0,35227.0,,,18.0,3.04,3.04,,16.0,,1160164.0,79.492,21.5,3.163,1.845,7738.975,,333.436,3.94,1.7,16.5,24.097,2.1,60.19,0.611
ETH,Africa,Ethiopia,2021-05-15,265832.0,419.0,516.429,3976.0,12.0,15.0,2312.315,3.645,4.492,34.585,0.104,0.13,0.77,,,,,,,,,5621.0,2640295.0,22.966,0.049,5131.0,0.045,0.116,8.6,tests performed,1454503.0,,,17838.0,23382.0,1.27,,,203.0,43.52,114963583.0,104.957,19.8,3.526,2.063,1729.927,26.7,182.634,7.47,0.4,8.5,7.96,0.3,66.6,0.485
OWID_EUR,,Europe,2021-05-15,46298857.0,70639.0,84018.286,1050725.0,1730.0,2085.429,61840.643,94.351,112.222,1403.437,2.311,2.785,,,,,,,,,,,,,,,,,,,287340190.0,198353390.0,94764966.0,2003499.0,4069216.0,38.38,26.49,12.66,5435.0,,748680069.0,,,,,,,,,,,,,,
OWID_EUN,,European Union,2021-05-15,31894945.0,50212.0,63610.143,711766.0,980.0,1372.571,71687.073,112.856,142.97,1599.765,2.203,3.085,,,,,,,,,,,,,,,,,,,194559946.0,138994941.0,56670111.0,1317343.0,3166266.0,43.73,31.24,12.74,7116.0,,444919060.0,,,,,,,,,,,,,,
FRO,Europe,Faeroe Islands,2021-05-13,,,,,,,,,,,,,,,,,,,,,,,,,,,,,,,26253.0,19008.0,7245.0,804.0,732.0,53.73,38.9,14.83,14980.0,,48865.0,35.308,,,,,,,,,,,,80.67,
FJI,Oceania,Fiji,2021-05-15,166.0,0.0,4.286,4.0,0.0,0.143,185.176,0.0,4.781,4.462,0.0,0.159,,,,,,,,,,1616.0,65225.0,72.76,1.803,1710.0,1.908,0.001,704.0,tests performed,93000.0,93000.0,,,1762.0,10.37,10.37,,1966.0,56.48,896444.0,49.562,28.6,6.224,3.284,8702.975,1.4,412.82,14.49,10.2,34.8,,2.3,67.44,0.743
FIN,Europe,Finland,2021-05-15,89878.0,192.0,188.143,931.0,0.0,1.286,16221.363,34.653,33.956,168.029,0.0,0.232,0.91,28.0,5.053,133.0,24.004,,,,,19934.0,4716365.0,851.219,3.598,17236.0,3.111,0.012,82.6,tests performed,2387156.0,2105016.0,282140.0,16733.0,33241.0,43.08,37.99,5.09,5999.0,52.31,5540718.0,18.136,42.8,21.228,13.264,40585.721,,153.507,5.76,18.3,22.6,,3.28,81.91,0.938
FRA,Europe,France,2021-05-15,5925071.0,15685.0,13700.714,107696.0,112.0,179.714,87695.355,232.149,202.781,1593.979,1.658,2.66,0.82,4971.0,73.574,25797.0,381.814,1833.623,27.139,7815.228,115.671,526157.0,,,7.788,344115.0,5.093,0.051,19.6,people tested,28467808.0,19754251.0,8866005.0,602128.0,463153.0,42.13,29.24,13.12,6855.0,63.89,67564251.0,122.578,42.0,19.718,13.079,38605.671,,86.06,4.77,30.1,35.6,,5.98,82.66,0.901
PYF,Oceania,French Polynesia,2021-05-11,,,,,,,,,,,,,,,,,,,,,,,,,,,,,,,81202.0,49707.0,31495.0,,1366.0,28.91,17.7,11.21,4863.0,,280904.0,77.324,32.7,7.775,4.593,,,,22.63,,,,,77.66,
GAB,Africa,Gabon,2021-05-15,23799.0,0.0,52.429,143.0,0.0,0.0,10692.681,0.0,23.556,64.249,0.0,0.0,1.02,,,,,,,,,,,,,,,,,,12364.0,8515.0,3849.0,,314.0,0.56,0.38,0.17,141.0,,2225728.0,7.859,23.1,4.45,2.976,16562.413,3.4,259.967,7.2,,,,6.3,66.47,0.703
GMB,Africa,Gambia,2021-05-15,5940.0,0.0,2.143,175.0,0.0,0.0,2457.934,0.0,0.887,72.414,0.0,0.0,0.68,,,,,,,,,567.0,66537.0,27.533,0.235,169.0,0.07,0.024,42.2,samples tested,24659.0,24659.0,,,311.0,1.02,1.02,,129.0,,2416664.0,207.566,17.5,2.339,1.417,1561.767,10.1,331.43,1.91,0.7,31.2,7.876,1.1,62.05,0.496
GEO,Asia,Georgia,2021-05-15,329407.0,1576.0,1225.286,4426.0,29.0,23.286,82575.219,395.069,307.153,1109.503,7.27,5.837,1.01,,,,,,,,,28000.0,4476000.0,1122.037,7.019,26429.0,6.625,0.047,21.2,tests performed,81076.0,81076.0,,3733.0,3770.0,2.03,2.03,,945.0,64.81,3989175.0,65.032,38.7,14.864,10.244,9745.079,4.2,496.218,7.11,5.3,55.5,,2.6,73.77,0.812
DEU,Europe,Germany,2021-05-15,3595872.0,7370.0,9283.571,86100.0,70.0,187.286,42918.39,87.964,110.804,1027.643,0.835,2.235,0.75,4569.0,54.533,,,,,2019.88,24.108,,58024575.0,692.55,,175455.0,2.094,0.103,9.7,tests performed,39414342.0,30432274.0,9060934.0,721279.0,695200.0,47.04,36.32,10.81,8298.0,75.0,83783945.0,237.016,46.6,21.453,15.957,45229.245,,156.139,8.31,28.2,33.1,,8.0,81.33,0.947
GHA,Africa,Ghana,2021-05-15,93243.0,0.0,55.286,783.0,0.0,0.0,3000.778,0.0,1.779,25.199,0.0,0.0,0.95,,,,,,,,,2960.0,1116513.0,35.932,0.095,2776.0,0.089,0.017,59.2,samples tested,852047.0,852047.0,,,360.0,2.74,2.74,,12.0,50.93,31072945.0,126.719,21.1,3.385,1.948,4227.63,12.0,298.245,4.97,0.3,7.7,41.047,0.9,64.07,0.611
GIB,Europe,Gibraltar,2021-05-14,,,,,,,,,,,,,,,,,,,,,,,,,,,,,,,74461.0,38905.0,35556.0,780.0,29.0,221.01,115.48,105.54,861.0,,33691.0,3457.1,,,,,,,,,,,,79.93,
GRC,Europe,Greece,2021-05-15,375831.0,1950.0,2179.143,11365.0,43.0,55.286,36057.659,187.085,209.069,1090.371,4.125,5.304,1.04,,,,,224.631,21.551,,,62315.0,8707677.0,835.425,5.979,54677.0,5.246,0.043,23.5,samples tested,4292541.0,2772414.0,1520127.0,107194.0,92132.0,41.18,26.6,14.58,8839.0,,10423056.0,83.479,45.3,20.396,14.524,24574.382,1.5,175.695,4.55,35.3,52.0,,4.21,82.24,0.888
GRL,North America,Greenland,2021-05-14,,,,,,,,,,,,,,,,,,,,,,,,,,,,,,,16268.0,10222.0,6046.0,394.0,284.0,28.65,18.01,10.65,5002.0,,56772.0,0.137,,,,,,199.941,2.16,,,,,71.7,
GRD,North America,Grenada,2021-05-15,161.0,0.0,0.143,1.0,0.0,0.0,1430.869,0.0,1.27,8.887,0.0,0.0,-0.0,,,,,,,,,,,,,,,,,,19519.0,13744.0,5775.0,,425.0,17.35,12.21,5.13,3777.0,,112519.0,317.132,29.4,7.304,5.021,13593.877,,243.964,10.71,,,,3.7,72.4,0.779
GTM,North America,Guatemala,2021-05-15,241117.0,947.0,890.571,7872.0,27.0,22.143,13458.519,52.859,49.709,439.394,1.507,1.236,0.96,,,,,,,,,7029.0,1328843.0,74.173,0.392,5468.0,0.305,0.167,6.0,people tested,274434.0,271912.0,2522.0,14666.0,10015.0,1.53,1.52,0.01,559.0,58.33,17915567.0,157.834,22.9,4.694,3.016,7423.808,8.7,155.898,10.18,,,76.665,0.6,74.3,0.663
GGY,Europe,Guernsey,2021-05-13,,,,,,,,,,,,,,,,,,,,,,,,,,,,,,,55478.0,,,805.0,430.0,82.74,,,6413.0,,67052.0,,,,,,,,,,,,,,
GIN,Africa,Guinea,2021-05-15,22746.0,0.0,20.571,151.0,0.0,0.143,1732.0,0.0,1.566,11.498,0.0,0.011,0.93,,,,,,,,,,,,,,,,,,204717.0,143908.0,60809.0,1933.0,7703.0,1.56,1.1,0.46,587.0,53.7,13132792.0,51.755,19.0,3.135,1.733,1998.926,35.3,336.717,2.42,,,17.45,0.3,61.6,0.477
GNB,Africa,Guinea-Bissau,2021-05-15,3746.0,1.0,1.0,67.0,0.0,0.0,1903.457,0.508,0.508,34.045,0.0,0.0,0.61,,,,,,,,,,,,,,,,,,5889.0,5889.0,,,,0.3,0.3,,,,1967998.0,66.191,19.4,3.002,1.565,1548.675,67.1,382.474,2.42,,,6.403,,58.32,0.48
GUY,South America,Guyana,2021-05-15,15168.0,180.0,137.857,338.0,3.0,2.143,19283.995,228.845,175.266,429.72,3.814,2.724,1.08,,,,,,,,,,,,,,,,,,,150694.0,,,,,19.16,,,60.19,786559.0,3.952,26.3,5.305,2.837,7435.047,,373.159,11.62,,,77.159,1.6,69.91,0.682
HTI,North America,Haiti,2021-05-15,13353.0,85.0,27.0,271.0,2.0,1.143,1171.056,7.454,2.368,23.767,0.175,0.1,1.21,,,,,,,,,,,,,,,,,,,,,,,,,,,32.41,11402533.0,398.448,24.3,4.8,2.954,1653.173,23.5,430.548,6.65,2.9,23.1,22.863,0.7,64.0,0.51
OWID_HIC,,High income,2021-05-15,,,,,,,,,,,,,,,,,,,,,,,,,,,,,,,623456633.0,388711327.0,225425840.0,4432433.0,6878433.0,49.36,30.77,17.85,5446.0,,1263092934.0,,,,,,,,,,,,,,
HND,North America,Honduras,2021-05-15,225964.0,2042.0,953.714,5954.0,56.0,48.143,22814.028,206.167,96.29,601.134,5.654,4.861,1.11,,,,,,,,,,,,,,,,,,,,,,,,,,,82.41,9904608.0,82.805,24.9,4.652,2.883,4541.795,16.0,240.208,7.21,2.0,,84.169,0.7,75.27,0.634
HKG,Asia,Hong Kong,2021-05-15,,,,,,,,,,,,,,,,,,,,,,,14841321.0,1979.638,,111292.0,14.845,0.0,33333.3,tests performed,1926166.0,1153953.0,772213.0,37535.0,31671.0,25.69,15.39,10.3,4224.0,71.3,7496988.0,7039.714,44.8,16.303,10.158,56054.92,,,8.33,,,,,84.86,0.949
HUN,Europe,Hungary,2021-05-15,797429.0,1039.0,980.714,29114.0,73.0,87.143,82546.595,107.553,101.52,3013.762,7.557,9.021,0.66,,,3353.0,347.089,,,,,18901.0,5156500.0,533.78,1.957,16163.0,1.673,0.067,14.9,tests performed,7211350.0,4554679.0,2656671.0,100895.0,70989.0,74.65,47.15,27.5,7348.0,,9660350.0,108.043,43.4,18.577,11.976,26777.561,0.5,278.296,7.55,26.8,34.8,,7.02,76.88,0.854
ISL,Europe,Iceland,2021-05-15,6537.0,0.0,4.429,29.0,0.0,0.0,19156.044,0.0,12.977,84.982,0.0,0.0,0.7,,,2.0,5.861,,,1.874,5.492,1435.0,363043.0,1063.862,4.205,1171.0,3.432,,,tests performed,203735.0,147592.0,65011.0,10275.0,2776.0,59.7,43.25,19.05,8135.0,50.0,341250.0,3.404,37.3,14.431,9.207,46482.958,0.2,117.992,5.31,14.3,15.2,,2.91,82.99,0.949
IND,Asia,India,2021-05-15,24684077.0,311170.0,341142.286,270284.0,4077.0,3991.0,17886.955,225.485,247.204,195.857,2.954,2.892,1.08,,,,,,,,,1864594.0,309448585.0,224.237,1.351,1810482.0,1.312,0.202,5.0,samples tested,181544536.0,141132112.0,40412424.0,1898123.0,2007240.0,13.16,10.23,2.93,1455.0,73.61,1380004385.0,450.419,28.2,5.989,3.414,6426.674,21.2,282.28,10.39,1.9,20.6,59.55,0.53,69.66,0.645
IDN,Asia,Indonesia,2021-05-15,1736670.0,2385.0,3844.0,47967.0,144.0,160.714,6349.251,8.72,14.054,175.367,0.526,0.588,0.99,,,,,,,,,21713.0,10343074.0,37.814,0.079,36999.0,0.135,0.133,7.5,people tested,22622367.0,13700389.0,8921978.0,5162.0,136500.0,8.27,5.01,3.26,499.0,68.98,273523621.0,145.725,29.3,5.319,3.053,11188.744,5.7,342.864,6.32,2.8,76.1,64.204,1.04,71.72,0.718
OWID_INT,,International,2021-05-15,721.0,0.0,0.0,15.0,0.0,0.0,,,,,,,,,,,,,,,,,,,,,,,,,,,,,,,,,,,,,,,,,,,,,,,,,
IRN,Asia,Iran,2021-05-15,2739875.0,7723.0,14172.143,76633.0,200.0,301.286,32620.296,91.948,168.73,912.374,2.381,3.587,0.92,,,,,,,,,,17616446.0,209.737,,137681.0,1.639,0.116,8.6,tests performed,1767570.0,1475436.0,292134.0,,73508.0,2.1,1.76,0.35,875.0,81.48,83992953.0,49.831,32.4,5.44,3.182,19082.62,0.2,270.308,9.59,0.8,21.1,,1.5,76.68,0.783
IRQ,Asia,Iraq,2021-05-15,1136917.0,2058.0,4051.286,15930.0,20.0,27.0,28265.695,51.165,100.722,396.047,0.497,0.671,0.85,,,,,,,,,37969.0,9745496.0,242.29,0.944,37282.0,0.927,0.141,7.1,samples tested,453361.0,453361.0,,,8610.0,1.13,1.13,,214.0,77.31,40222503.0,88.125,20.0,3.186,1.957,15663.986,2.5,218.612,8.83,,,94.576,1.4,70.6,0.674
IRL,Europe,Ireland,2021-05-15,254870.0,0.0,366.714,4941.0,0.0,3.143,51616.146,0.0,74.267,1000.649,0.0,0.636,1.0,31.0,6.278,116.0,23.492,4.973,1.007,26.855,5.439,19728.0,4729538.0,957.824,3.995,18505.0,3.748,0.023,43.5,tests performed,1922913.0,1408655.0,514808.0,40278.0,38150.0,38.94,28.53,10.43,7726.0,80.56,4937796.0,69.874,38.7,13.928,8.678,67335.293,0.2,126.459,3.28,23.0,25.7,,2.96,82.3,0.955
IMN,Europe,Isle of Man,2021-05-12,,,,,,,,,,,,,,,,,,,,,,,,,,,,,,,76977.0,61081.0,15896.0,574.0,391.0,90.53,71.83,18.69,4598.0,,85032.0,147.872,,,,,,,,,,,,81.4,
ISR,Asia,Israel,2021-05-15,839118.0,39.0,33.143,6381.0,1.0,0.714,96945.76,4.506,3.829,737.216,0.116,0.083,0.56,43.0,4.968,130.0,15.019,20.0,2.311,53.0,6.123,21078.0,16527582.0,1909.48,2.435,28818.0,3.329,0.001,873.3,tests performed,10527702.0,5431938.0,5095764.0,294.0,4723.0,121.63,62.76,58.87,546.0,43.52,8655541.0,402.606,30.6,11.733,7.359,33132.32,0.5,93.32,6.74,15.4,35.4,,2.99,82.97,0.919
ITA,Europe,Italy,2021-05-15,4153374.0,6652.0,7207.571,124063.0,136.0,195.571,68694.152,110.02,119.209,2051.923,2.249,3.235,0.8,2192.0,36.254,17612.0,291.291,,,2738.151,45.287,287026.0,62107222.0,1027.214,4.747,271893.0,4.497,0.03,33.4,tests performed,27011116.0,18765210.0,8475672.0,510265.0,468426.0,44.67,31.04,14.02,7747.0,74.07,60461828.0,205.859,47.9,23.021,16.24,35220.084,2.0,113.151,4.78,19.8,27.8,,3.18,83.51,0.892
JAM,North America,Jamaica,2021-05-15,47233.0,83.0,92.143,843.0,5.0,5.714,15950.838,28.03,31.117,284.686,1.689,1.93,0.8,,,,,,,,,,337769.0,114.066,,1331.0,0.449,0.094,10.6,samples tested,,,,,,,,,,72.22,2961161.0,266.879,31.4,9.684,6.39,8193.571,,206.537,11.28,5.3,28.6,66.425,1.7,74.47,0.734
JPN,Asia,Japan,2021-05-15,679870.0,6331.0,6328.857,11424.0,94.0,89.714,5375.467,50.057,50.04,90.325,0.743,0.709,1.24,,,,,,,,,87073.0,12089456.0,95.587,0.688,89496.0,0.708,0.069,14.6,people tested,5593436.0,4027333.0,1566103.0,318753.0,199425.0,4.42,3.18,1.24,1577.0,49.07,126476458.0,347.778,48.2,27.049,18.493,39002.223,,79.37,5.72,11.2,33.7,,13.05,84.63,0.919
JEY,Europe,Jersey,2021-05-13,,,,,,,,,,,,,,,,,,,,,,,,,,,,,,,92809.0,54172.0,38637.0,,400.0,91.82,53.6,38.23,3958.0,,101073.0,,,,,,,,,,,,,,
JOR,Asia,Jordan,2021-05-15,722754.0,0.0,503.0,9203.0,0.0,18.143,70836.429,0.0,49.299,901.977,0.0,1.778,0.53,,,,,,,,,10417.0,6903678.0,676.623,1.021,15080.0,1.478,0.046,21.9,tests performed,1091048.0,805020.0,286028.0,,29814.0,10.69,7.89,2.8,2922.0,70.37,10203140.0,109.285,23.2,3.81,2.361,8337.49,0.1,208.257,11.75,,,,1.4,74.53,0.729
KAZ,Asia,Kazakhstan,2021-05-15,412236.0,2577.0,2300.857,3394.0,2.0,3.286,21954.648,137.245,122.538,180.756,0.107,0.175,0.98,,,,,,,,,31984.0,10631263.0,566.194,1.703,41215.0,2.195,0.052,19.1,tests performed,2564012.0,1820146.0,743866.0,51152.0,47272.0,13.66,9.69,3.96,2518.0,68.52,18776707.0,6.681,30.6,6.991,4.625,24055.588,0.1,466.792,7.11,7.0,43.1,98.999,6.7,73.6,0.825
KEN,Africa,Kenya,2021-05-15,165379.0,267.0,305.857,3001.0,25.0,16.857,3075.6,4.965,5.688,55.81,0.465,0.313,0.79,,,,,,,,,,1675310.0,31.156,,4046.0,0.075,0.12,8.3,samples tested,933436.0,933436.0,,2976.0,4847.0,1.74,1.74,,90.0,65.74,53771300.0,87.324,20.0,2.686,1.528,2993.028,36.8,218.637,2.92,1.2,20.4,24.651,1.4,66.7,0.601
OWID_KOS,Europe,Kosovo,2021-05-15,106243.0,0.0,65.571,2222.0,0.0,2.143,54969.179,0.0,33.926,1149.643,0.0,1.109,0.53,,,,,,,,,,,,,,,,,,,,,,,,,,,45.37,1932774.0,168.155,,,,9795.834,0.6,,,,,,,,
KWT,Asia,Kuwait,2021-05-15,290801.0,795.0,960.714,1687.0,6.0,7.429,68094.3,186.158,224.962,395.03,1.405,1.739,0.84,,,,,,,,,9040.0,2438929.0,571.102,2.117,8535.0,1.999,0.125,8.0,tests performed,1440000.0,,,,39556.0,33.72,,,9262.0,,4270563.0,232.128,33.7,2.345,1.114,65530.537,,132.235,15.84,2.7,37.0,,2.0,75.49,0.806
KGZ,Asia,Kyrgyzstan,2021-05-15,100249.0,404.0,310.0,1695.0,8.0,6.571,15365.737,61.923,47.515,259.802,1.226,1.007,1.1,,,,,,,,,,,,,,,,,,43127.0,37117.0,6010.0,,1175.0,0.66,0.57,0.09,180.0,54.63,6524191.0,32.333,26.3,4.489,2.882,3393.474,1.4,436.362,7.11,3.6,50.5,89.22,4.5,71.45,0.697
LAO,Asia,Laos,2021-05-15,1570.0,72.0,48.143,2.0,0.0,0.286,215.791,9.896,6.617,0.275,0.0,0.039,,,,,,,,,,,,,,,,,,,563466.0,474983.0,88483.0,,23125.0,7.74,6.53,1.22,3178.0,,7275556.0,29.715,24.4,4.029,2.322,6397.36,22.7,368.111,4.0,7.3,51.2,49.839,1.5,67.92,0.613
LVA,Europe,Latvia,2021-05-15,127597.0,544.0,609.429,2257.0,9.0,7.0,67647.58,288.41,323.098,1196.584,4.771,3.711,1.08,,,563.0,298.483,132.492,70.243,453.833,240.607,16417.0,2408655.0,1276.987,8.704,15817.0,8.386,0.044,22.7,tests performed,494145.0,382238.0,114462.0,7770.0,12711.0,26.2,20.26,6.07,6739.0,56.48,1886202.0,31.212,43.9,19.754,14.136,25063.846,0.7,350.06,4.91,25.6,51.0,,5.57,75.29,0.866
LBN,Asia,Lebanon,2021-05-15,535446.0,478.0,453.857,7602.0,33.0,20.286,78448.546,70.032,66.495,1113.774,4.835,2.972,0.68,,,,,,,,,11872.0,4163257.0,609.962,1.739,,,,,tests performed,581518.0,377487.0,204031.0,450.0,7710.0,8.52,5.53,2.99,1130.0,70.37,6825442.0,594.561,31.1,8.514,5.43,13367.565,,266.591,12.71,26.9,40.7,,2.9,78.93,0.744
LSO,Africa,Lesotho,2021-05-15,10782.0,4.0,3.0,320.0,0.0,0.143,5033.021,1.867,1.4,149.376,0.0,0.067,0.71,,,,,,,,,,,,,,,,,,,,,,,,,,,60.19,2142252.0,73.562,22.2,4.506,2.647,2851.153,59.6,405.126,3.94,0.4,53.9,2.117,,54.33,0.527
LBR,Africa,Liberia,2021-05-15,2114.0,0.0,0.0,85.0,0.0,0.0,417.978,0.0,0.0,16.806,0.0,0.0,0.11,,,,,,,,,,,,,,,,,,36404.0,36404.0,,,,0.72,0.72,,,,5057677.0,49.127,19.2,3.057,1.756,752.788,38.6,272.509,2.42,1.5,18.1,1.188,0.8,64.1,0.48
LBY,Africa,Libya,2021-05-15,181179.0,0.0,211.714,3085.0,0.0,3.143,26367.549,0.0,30.811,448.97,0.0,0.457,0.83,,,,,,,,,1188.0,,,0.173,,,,,samples tested,106559.0,106559.0,,,4600.0,1.55,1.55,,669.0,79.63,6871287.0,3.623,29.0,4.424,2.816,17881.509,,341.862,10.43,,,,3.7,72.91,0.724
LIE,Europe,Liechtenstein,2021-05-15,2984.0,3.0,2.429,58.0,0.0,0.0,78244.225,78.664,63.68,1520.833,0.0,0.0,0.66,,,,,,,,,266.0,42576.0,1116.396,6.975,200.0,5.244,0.024,41.7,tests performed,15765.0,10518.0,5247.0,296.0,277.0,41.34,27.58,13.76,7263.0,50.93,38137.0,237.012,,,,,,,7.77,,,,2.397,82.49,0.919
LTU,Europe,Lithuania,2021-05-15,264724.0,1249.0,1116.857,4088.0,4.0,9.143,97243.094,458.805,410.264,1501.676,1.469,3.359,1.03,,,1128.0,414.357,48.715,17.895,330.289,121.328,22054.0,3089220.0,1134.787,8.101,21352.0,7.843,0.057,17.5,tests performed,1307871.0,863499.0,444372.0,5989.0,21145.0,48.04,31.72,16.32,7767.0,38.89,2722291.0,45.135,43.5,19.002,13.778,29524.265,0.7,342.989,3.67,21.3,38.0,,6.56,75.93,0.882
OWID_LIC,,Low income,2021-05-15,,,,,,,,,,,,,,,,,,,,,,,,,,,,,,,4398776.0,2756164.0,188109.0,17838.0,142700.0,0.57,0.36,0.02,184.0,,775710612.0,,,,,,,,,,,,,,
OWID_LMC,,Lower middle income,2021-05-15,,,,,,,,,,,,,,,,,,,,,,,,,,,,,,,235612433.0,180958419.0,54673889.0,2353042.0,2899899.0,7.6,5.84,1.76,936.0,,3098235284.0,,,,,,,,,,,,,,
LUX,Europe,Luxembourg,2021-05-15,68922.0,0.0,109.857,806.0,0.0,0.714,110103.263,0.0,175.497,1287.589,0.0,1.141,0.92,31.0,49.523,84.0,134.19,,,,,9045.0,2748184.0,4390.239,14.449,7731.0,12.35,0.017,59.5,tests performed,269883.0,191724.0,78159.0,7186.0,6081.0,43.11,30.63,12.49,9714.0,48.15,625976.0,231.447,39.7,14.312,9.842,94277.965,0.2,128.275,4.42,20.9,26.0,,4.51,82.25,0.916
MAC,Asia,Macao,2021-05-15,,,,,,,,,,,,,,,,,,,,,,,,,,,,,,,130761.0,83766.0,47193.0,2614.0,1982.0,20.14,12.9,7.27,3052.0,23.15,649342.0,20546.766,39.2,9.798,4.991,104861.851,,,,,,,,84.24,
MDG,Africa,Madagascar,2021-05-15,40005.0,117.0,161.571,754.0,6.0,5.429,1444.692,4.225,5.835,27.229,0.217,0.196,0.79,,,,,,,,,803.0,194234.0,7.014,0.029,818.0,0.03,0.243,4.1,tests performed,609.0,609.0,,,,0.0,0.0,,,,27691019.0,43.951,19.6,2.929,1.686,1416.44,77.6,405.994,3.94,,,50.54,0.2,67.04,0.528
MWI,Africa,Malawi,2021-05-15,34210.0,10.0,6.286,1153.0,0.0,0.0,1788.295,0.523,0.329,60.272,0.0,0.0,0.68,,,,,,,,,,,,,,,,,,330348.0,330348.0,,977.0,2657.0,1.73,1.73,,139.0,45.37,19129955.0,197.519,18.1,2.979,1.783,1095.042,71.4,227.349,3.94,4.4,24.7,8.704,1.3,64.26,0.483
MYS,Asia,Malaysia,2021-05-15,466330.0,4140.0,4198.0,1866.0,44.0,29.857,14408.022,127.912,129.704,57.653,1.359,0.922,1.22,,,,,,,,,83974.0,10341089.0,319.505,2.595,74207.0,2.293,0.058,17.2,people tested,1905529.0,1177030.0,728499.0,10750.0,24454.0,5.89,3.64,2.25,756.0,65.28,32365998.0,96.254,29.9,6.293,3.407,26808.164,0.1,260.942,16.74,1.0,42.4,,1.9,76.16,0.81
MDV,Asia,Maldives,2021-05-15,43782.0,1007.0,1294.0,94.0,2.0,1.571,80996.481,1862.945,2393.894,173.9,3.7,2.907,1.7,,,,,,,,,4500.0,795204.0,1471.123,8.325,4759.0,8.804,0.238,4.2,samples tested,443176.0,302506.0,140670.0,616.0,2278.0,81.99,55.96,26.02,4214.0,,540542.0,1454.433,30.6,4.12,2.875,15183.616,,164.905,9.19,2.1,55.0,95.803,,78.92,0.74
MLI,Africa,Mali,2021-05-15,14176.0,13.0,13.429,511.0,1.0,1.714,700.021,0.642,0.663,25.234,0.049,0.085,0.59,,,,,,,,,,,,,,,,,,,,,,,,,,,48.15,20250834.0,15.196,16.4,2.519,1.486,2014.306,,268.024,2.42,1.6,23.0,52.232,0.1,59.31,0.434
MLT,Europe,Malta,2021-05-15,30478.0,4.0,5.714,417.0,0.0,0.0,69026.745,9.059,12.942,944.424,0.0,0.0,0.44,,,,,1.716,3.887,6.007,13.604,1996.0,891075.0,2018.112,4.521,1862.0,4.217,0.004,245.9,tests performed,420815.0,283229.0,141143.0,6183.0,6404.0,95.31,64.15,31.97,14504.0,56.48,441539.0,1454.037,42.4,19.426,11.324,36513.323,0.2,168.711,8.83,20.9,30.2,,4.485,82.53,0.895
MHL,Oceania,Marshall Islands,2021-05-15,4.0,0.0,0.0,,,0.0,67.574,0.0,0.0,,,0.0,,,,,,,,,,,,,,,,,,,,,,,,,,,,,59194.0,295.15,,,,3819.202,,557.793,30.53,,,82.502,2.7,73.7,0.704
MRT,Africa,Mauritania,2021-05-15,18806.0,25.0,24.286,457.0,0.0,0.143,4044.597,5.377,5.223,98.287,0.0,0.031,1.1,,,,,,,,,,,,,,,,,,,,,,,,,,,31.48,4649660.0,4.289,20.3,3.138,1.792,3597.633,6.0,232.347,2.42,,,15.95,,64.92,0.546
MUS,Africa,Mauritius,2021-05-15,1280.0,3.0,5.714,17.0,0.0,0.0,1006.474,2.359,4.493,13.367,0.0,0.0,0.99,,,,,,,,,,,,,,,,,,220646.0,212182.0,8464.0,,2109.0,17.35,16.68,0.67,1658.0,77.78,1271767.0,622.962,37.4,10.945,5.884,20292.745,0.5,224.644,22.02,3.2,40.7,,3.4,74.99,0.804
MEX,North America,Mexico,2021-05-15,2380690.0,2695.0,2296.143,220384.0,225.0,208.0,18464.587,20.902,17.809,1709.294,1.745,1.613,0.86,,,,,,,,,6938.0,6374398.0,49.44,0.054,9377.0,0.073,0.172,5.8,people tested,22413285.0,14996844.0,10108593.0,426829.0,267494.0,17.38,11.63,7.84,2075.0,44.44,128932753.0,66.444,29.3,6.857,4.321,17336.469,2.5,152.783,13.06,6.9,21.4,87.847,1.38,75.05,0.779
FSM,Oceania,Micronesia (country),2021-05-15,1.0,0.0,0.0,,,0.0,8.694,0.0,0.0,,,0.0,,,,,,,,,,,,,,,,,,,,,,,,,,,,,115021.0,150.777,23.0,4.81,2.392,3299.464,16.0,454.343,12.02,,,,,67.88,0.62
MDA,Europe,Moldova,2021-05-15,253736.0,169.0,161.714,6016.0,10.0,10.429,62899.932,41.894,40.088,1491.337,2.479,2.585,0.67,,,,,,,,,,,,,,,,,,233603.0,201838.0,31765.0,4632.0,6992.0,5.79,5.0,0.79,1733.0,63.89,4033963.0,123.655,37.6,10.864,6.955,5189.972,0.2,408.502,5.72,5.9,44.6,86.979,5.8,71.9,0.75
MCO,Europe,Monaco,2021-05-15,2493.0,3.0,2.0,32.0,0.0,0.0,63525.634,76.445,50.963,815.411,0.0,0.0,0.74,,,,,,,,,,,,,,,,,,25937.0,13934.0,12003.0,,119.0,66.09,35.51,30.59,3032.0,54.63,39244.0,19347.5,,,,,,,5.46,,,,13.8,86.75,
MNG,Asia,Mongolia,2021-05-15,48642.0,541.0,546.0,207.0,2.0,6.429,14837.604,165.025,166.55,63.143,0.61,1.961,0.98,,,,,,,,,7500.0,2800505.0,854.257,2.288,7916.0,2.415,0.099,10.1,samples tested,2411556.0,1770527.0,641029.0,13489.0,36705.0,73.56,54.01,19.55,11196.0,62.04,3278292.0,1.98,28.6,4.031,2.421,11840.846,0.5,460.043,4.82,5.5,46.5,71.18,7.0,69.87,0.737
MNE,Europe,Montenegro,2021-05-15,98778.0,75.0,77.286,1560.0,4.0,3.429,157274.282,119.415,123.054,2483.831,6.369,5.459,0.75,,,,,,,,,,,,,,,,,,137259.0,103700.0,33559.0,3633.0,4915.0,21.85,16.51,5.34,7826.0,,628062.0,46.28,39.1,14.762,9.395,16409.288,1.0,387.305,10.08,44.0,47.9,,3.861,76.88,0.829
MAR,Africa,Morocco,2021-05-15,514817.0,112.0,169.857,9098.0,6.0,4.857,13947.689,3.034,4.602,246.488,0.163,0.132,0.75,,,,,,,,,9139.0,5852501.0,158.559,0.248,7785.0,0.211,0.03,32.9,people tested,10672075.0,6171437.0,4500638.0,180980.0,115359.0,28.91,16.72,12.19,3125.0,71.3,36910558.0,80.08,29.6,6.769,4.209,7485.013,1.0,419.146,7.14,0.8,47.1,,1.1,76.68,0.686
MOZ,Africa,Mozambique,2021-05-15,70410.0,49.0,34.857,826.0,0.0,0.714,2252.728,1.568,1.115,26.427,0.0,0.023,0.87,,,,,,,,,1322.0,530868.0,16.985,0.042,1126.0,0.036,0.03,33.5,units unclear,355995.0,296983.0,59012.0,,5974.0,1.14,0.95,0.19,191.0,67.59,31255435.0,37.728,17.7,3.158,1.87,1136.103,62.9,329.942,3.3,5.1,29.1,12.227,0.7,60.85,0.456
MMR,Asia,Myanmar,2021-05-15,143059.0,24.0,17.857,3212.0,0.0,0.286,2629.288,0.441,0.328,59.033,0.0,0.005,1.1,,,,,,,,,2019.0,2597378.0,47.737,0.037,,,,,samples tested,2200000.0,1900000.0,300000.0,,36364.0,4.04,3.49,0.55,668.0,,54409794.0,81.721,29.1,5.732,3.12,5591.597,6.4,202.104,4.61,6.3,35.2,79.287,0.9,67.13,0.583
NAM,Africa,Namibia,2021-05-15,50949.0,216.0,150.857,705.0,1.0,3.143,20051.43,85.009,59.371,277.459,0.394,1.237,1.11,,,,,,,,,1561.0,406093.0,159.821,0.614,1441.0,0.567,0.126,7.9,samples tested,53163.0,50222.0,2941.0,2802.0,1898.0,2.09,1.98,0.12,747.0,,2540916.0,3.078,22.0,3.552,2.085,9541.808,13.4,243.811,3.94,9.7,34.2,44.6,,63.71,0.646
NPL,Asia,Nepal,2021-05-15,447704.0,8046.0,8830.571,4856.0,187.0,174.857,15365.582,276.146,303.073,166.662,6.418,6.001,1.38,,,,,,,,,19474.0,2712562.0,93.097,0.668,19163.0,0.658,0.467,2.1,tests performed,2453512.0,2091511.0,362001.0,,40222.0,8.42,7.18,1.24,1380.0,91.67,29136808.0,204.43,25.0,5.809,3.212,2442.804,15.0,260.797,7.26,9.5,37.8,47.782,0.3,70.78,0.602
NLD,Europe,Netherlands,2021-05-15,1620702.0,4468.0,5771.714,17703.0,13.0,17.857,94585.002,260.755,336.84,1033.156,0.759,1.042,0.91,767.0,44.763,1668.0,97.345,299.237,17.464,1357.396,79.218,,9274494.0,541.264,,24969.0,1.457,0.118,8.5,people tested,6470076.0,4996651.0,1568891.0,,115997.0,37.76,29.16,9.16,6770.0,67.59,17134873.0,508.544,43.2,18.779,11.881,48472.545,,109.361,5.29,24.4,27.3,,3.32,82.28,0.944
NCL,Oceania,New Caledonia,2021-05-11,,,,,,,,,,,,,,,,,,,,,,,,,,,,,,,75580.0,43941.0,31639.0,,1118.0,26.47,15.39,11.08,3916.0,,285491.0,15.342,33.4,9.954,6.489,,,,23.36,,,,,77.55,
NZL,Oceania,New Zealand,2021-05-15,2646.0,1.0,0.571,26.0,0.0,0.0,548.708,0.207,0.118,5.392,0.0,0.0,1.04,,,,,,,,,3710.0,2073522.0,429.992,0.769,3800.0,0.788,0.0,2516.9,tests performed,388877.0,268787.0,120090.0,14578.0,11710.0,8.06,5.57,2.49,2428.0,22.22,4822233.0,18.206,37.9,15.322,9.72,36085.843,,128.797,8.08,14.8,17.2,,2.61,82.29,0.931
NIC,North America,Nicaragua,2021-05-15,7086.0,0.0,13.857,184.0,0.0,0.143,1069.657,0.0,2.092,27.775,0.0,0.022,0.08,,,,,,,,,,,,,,,,,,166350.0,166350.0,,,2402.0,2.51,2.51,,363.0,,6624554.0,51.667,27.3,5.445,3.519,5321.444,3.2,137.016,11.47,,,,0.9,74.48,0.66
NER,Africa,Niger,2021-05-15,5330.0,4.0,2.429,192.0,0.0,0.0,220.188,0.165,0.1,7.932,0.0,0.0,0.97,,,,,,,,,,,,,,,,,,74106.0,68158.0,5948.0,,2910.0,0.31,0.28,0.02,120.0,,24206636.0,16.955,15.1,2.553,1.378,926.0,44.5,238.339,2.42,0.1,15.4,8.978,0.3,62.42,0.394
NGA,Africa,Nigeria,2021-05-15,165702.0,41.0,47.429,2066.0,0.0,0.143,803.834,0.199,0.23,10.022,0.0,0.001,0.84,,,,,,,,,,1977479.0,9.593,,5473.0,0.027,0.007,142.4,samples tested,1767488.0,1767488.0,,3936.0,21672.0,0.86,0.86,,105.0,47.22,206139587.0,209.588,18.1,2.751,1.447,5338.454,,181.013,2.42,0.6,10.8,41.949,,54.69,0.539
OWID_NAM,,North America,2021-05-15,38346979.0,42893.0,49905.429,863472.0,853.0,994.714,64767.403,72.446,84.289,1458.39,1.441,1.68,,,,,,,,,,,,,,,,,,,319226095.0,193682669.0,135366184.0,2829431.0,2640076.0,53.92,32.71,22.86,4459.0,,592072204.0,,,,,,,,,,,,,,
MKD,Europe,North Macedonia,2021-05-15,154636.0,112.0,106.429,5197.0,13.0,16.857,74223.617,53.759,51.085,2494.504,6.24,8.091,0.6,,,,,,,,,2928.0,728726.0,349.781,1.405,1881.0,0.903,0.129,7.8,tests performed,175348.0,149700.0,25648.0,14923.0,14467.0,8.42,7.19,1.23,6944.0,,2083380.0,82.6,39.1,13.26,8.16,13111.214,5.0,322.688,10.08,,,,4.28,75.8,0.774
OWID_CYN,Asia,Northern Cyprus,2021-05-14,,,,,,,,,,,,,,,,,,,,,,,,,,,,,,,124024.0,72783.0,51241.0,1193.0,429.0,32.45,19.04,13.41,1122.0,,,,,,,,,,,,,,,,
NOR,Europe,Norway,2021-05-15,119052.0,312.0,416.857,774.0,0.0,1.0,21960.281,57.551,76.893,142.772,0.0,0.184,1.01,,,110.0,20.291,8.08,1.49,69.69,12.855,20739.0,5336002.0,984.277,3.826,18483.0,3.409,0.024,42.3,people tested,2131099.0,1556905.0,574194.0,19634.0,27744.0,39.31,28.72,10.59,5118.0,63.89,5421242.0,14.462,39.7,16.821,10.813,64800.057,0.2,114.316,5.31,19.6,20.7,,3.6,82.4,0.957
OWID_OCE,,Oceania,2021-05-15,46526.0,12.0,309.143,1077.0,0.0,2.286,1090.168,0.281,7.244,25.236,0.0,0.054,,,,,,,,,,,,,,,,,,,3747603.0,665388.0,189540.0,76153.0,74803.0,8.78,1.56,0.44,1753.0,,42677809.0,,,,,,,,,,,,,,
OMN,Asia,Oman,2021-05-15,202713.0,0.0,481.286,2148.0,0.0,9.286,39696.104,0.0,94.247,420.63,0.0,1.818,0.8,,,,,,,,,,,,,,,,,,326269.0,253000.0,73269.0,,1511.0,6.39,4.95,1.43,296.0,80.56,5106622.0,14.98,30.7,2.355,1.53,37960.709,,266.342,12.61,0.5,15.6,97.4,1.6,77.86,0.813
PAK,Asia,Pakistan,2021-05-15,877130.0,2379.0,2729.143,19543.0,76.0,89.714,3970.849,10.77,12.355,88.473,0.344,0.406,0.9,,,,,,,,,30700.0,12380676.0,56.048,0.139,39835.0,0.18,0.079,12.7,tests performed,3836291.0,2931064.0,964227.0,170182.0,73712.0,1.74,1.33,0.44,334.0,78.24,220892331.0,255.573,23.5,4.495,2.78,5034.708,4.0,423.031,8.35,2.8,36.7,59.607,0.6,67.27,0.557
PSE,Asia,Palestine,2021-05-15,303658.0,388.0,317.286,3423.0,22.0,10.286,59524.258,76.057,62.196,670.99,4.313,2.016,0.61,,,,,,,,,2806.0,,,0.55,3035.0,0.595,0.166,6.0,tests performed,466814.0,271607.0,195207.0,,1360.0,9.15,5.32,3.83,267.0,,5101416.0,778.202,20.4,3.043,1.726,4449.898,1.0,265.91,10.59,,,,,74.05,0.708
PAN,North America,Panama,2021-05-15,370533.0,490.0,466.143,6296.0,4.0,4.429,85875.533,113.563,108.034,1459.175,0.927,1.026,1.18,,,,,,,,,9659.0,2483460.0,575.572,2.239,8055.0,1.867,0.052,19.1,tests performed,825811.0,547567.0,278244.0,27100.0,7996.0,19.14,12.69,6.45,1853.0,62.96,4314768.0,55.133,29.7,7.918,5.03,22267.037,2.2,128.346,8.33,2.4,9.9,,2.3,78.51,0.815
PNG,Oceania,Papua New Guinea,2021-05-15,13707.0,0.0,296.714,136.0,0.0,2.143,1532.017,0.0,33.163,15.201,0.0,0.24,1.55,,,,,,,,,,,,,,,,,,3000.0,3000.0,,,0.0,0.03,0.03,,0.0,41.67,8947027.0,18.22,22.6,3.808,2.142,3823.194,,561.494,17.65,23.5,48.8,,,64.5,0.555
PRY,South America,Paraguay,2021-05-15,311746.0,2108.0,2205.714,7534.0,52.0,69.143,43707.632,295.547,309.247,1056.287,7.291,9.694,1.03,,,,,,,,,6283.0,1163633.0,163.144,0.881,6119.0,0.858,0.372,2.7,tests performed,175127.0,159422.0,15705.0,8688.0,4966.0,2.46,2.24,0.22,696.0,45.37,7132530.0,17.144,26.5,6.378,3.833,8827.01,1.7,199.128,8.27,5.0,21.6,79.602,1.3,74.25,0.728
PER,South America,Peru,2021-05-15,1879049.0,0.0,4856.143,65608.0,0.0,254.571,56989.499,0.0,147.281,1989.819,0.0,7.721,1.05,,,,,,,,,,,,,,,,,,2444998.0,1683466.0,761532.0,68652.0,54186.0,7.42,5.11,2.31,1643.0,83.33,32971846.0,25.129,29.1,7.151,4.455,12236.706,3.5,85.755,5.95,4.8,,,1.6,76.74,0.777
PHL,Asia,Philippines,2021-05-15,1138187.0,6720.0,6191.143,19051.0,93.0,111.714,10386.71,61.324,56.498,173.853,0.849,1.019,0.87,,,,,,,,,43726.0,11710535.0,106.866,0.399,43508.0,0.397,0.147,6.8,people tested,2921196.0,2245397.0,675799.0,130909.0,75100.0,2.67,2.05,0.62,685.0,68.06,109581085.0,351.873,25.2,4.803,2.661,7599.188,,370.437,7.07,7.8,40.8,78.463,1.0,71.23,0.718
POL,Europe,Poland,2021-05-15,2851911.0,2897.0,3245.0,71609.0,298.0,249.0,75354.474,76.546,85.741,1892.085,7.874,6.579,0.72,,,16156.0,426.881,,,,,56708.0,14666237.0,387.518,1.498,57075.0,1.508,0.069,14.6,people tested,15776030.0,11490114.0,4535597.0,267017.0,300784.0,41.68,30.36,11.98,7947.0,71.3,37846605.0,124.027,41.8,16.763,10.202,27216.445,,227.331,5.91,23.3,33.1,,6.62,78.73,0.88
PRT,Europe,Portugal,2021-05-15,841848.0,469.0,370.0,17006.0,7.0,2.143,82560.772,45.995,36.286,1667.793,0.686,0.21,0.93,74.0,7.257,268.0,26.283,,,30.701,3.011,38302.0,11052822.0,1083.96,3.756,37506.0,3.678,0.009,109.8,tests performed,4436962.0,3189717.0,1247220.0,79842.0,73400.0,43.51,31.28,12.23,7198.0,62.04,10196707.0,112.371,46.2,21.502,14.924,27936.896,0.5,127.842,9.85,16.3,30.0,,3.39,82.05,0.864
QAT,Asia,Qatar,2021-05-15,212927.0,260.0,332.0,526.0,2.0,3.429,73905.785,90.245,115.235,182.572,0.694,1.19,0.67,,,,,,,,,4584.0,1937204.0,672.393,1.591,4756.0,1.651,0.133,7.5,people tested,2002018.0,1177725.0,824293.0,25270.0,30694.0,69.49,40.88,28.61,10654.0,79.63,2881060.0,227.322,31.9,1.307,0.617,116935.6,,176.69,16.52,0.8,26.9,,1.2,80.23,0.848
ROU,Europe,Romania,2021-05-15,1071334.0,729.0,868.571,29485.0,72.0,83.143,55689.35,37.894,45.149,1532.669,3.743,4.322,0.7,1100.0,57.179,,,,,3386.951,176.058,22532.0,7587984.0,394.433,1.171,20227.0,1.051,0.051,19.5,tests performed,6638418.0,3886249.0,2777707.0,119021.0,106652.0,34.51,20.2,14.44,5544.0,61.11,19237682.0,85.129,43.0,17.85,11.69,23313.199,5.7,370.946,9.74,22.9,37.1,,6.892,76.05,0.828
RUS,Europe,Russia,2021-05-15,4875308.0,8667.0,8425.286,113541.0,359.0,349.143,33407.517,59.39,57.733,778.027,2.46,2.392,1.0,,,,,,,,,369841.0,132774924.0,909.826,2.534,268042.0,1.837,0.031,32.7,tests performed,23858201.0,14265642.0,14265642.0,566156.0,323018.0,16.35,9.78,9.78,2213.0,36.57,145934460.0,8.823,39.6,14.178,9.393,24765.954,0.1,431.297,6.18,23.4,58.3,,8.05,72.58,0.824
RWA,Africa,Rwanda,2021-05-15,26099.0,66.0,73.286,343.0,0.0,0.714,2015.023,5.096,5.658,26.482,0.0,0.055,0.88,,,,,,,,,2730.0,1354868.0,104.605,0.211,3587.0,0.277,0.018,56.0,samples tested,350400.0,350400.0,,42.0,76.0,2.71,2.71,,6.0,71.3,12952209.0,494.869,20.3,2.974,1.642,1854.211,56.0,191.375,4.28,4.7,21.0,4.617,,69.02,0.543
KNA,North America,Saint Kitts and Nevis,2021-05-15,45.0,0.0,0.0,,,0.0,845.992,0.0,0.0,,,0.0,,,,,,,,,,,,,,,,,,,15567.0,13821.0,1746.0,,312.0,29.27,25.98,3.28,5866.0,,53192.0,212.865,,,,24654.385,,,12.84,,,,2.3,76.23,0.779
LCA,North America,Saint Lucia,2021-05-15,4818.0,30.0,23.429,75.0,0.0,0.0,26237.686,163.373,127.586,408.432,0.0,0.0,1.28,,,,,,,,,,,,,,,,,,26200.0,,,261.0,143.0,14.27,,,779.0,,183629.0,293.187,34.9,9.721,6.405,12951.839,,204.62,11.62,,,87.202,1.3,76.2,0.759
VCT,North America,Saint Vincent and the Grenadines,2021-05-15,1932.0,0.0,2.857,12.0,0.0,0.0,17413.72,0.0,25.752,108.16,0.0,0.0,1.17,,,,,,,,,,,,,,,,,,16726.0,,,,200.0,15.08,,,1803.0,,110947.0,281.787,31.8,7.724,4.832,10727.146,,252.675,11.62,,,,2.6,72.53,0.738
WSM,Oceania,Samoa,2021-05-15,3.0,0.0,0.0,,,0.0,15.12,0.0,0.0,,,0.0,,,,,,,,,,,,,,,,,,,11950.0,11950.0,,,648.0,6.02,6.02,,3266.0,,198410.0,69.413,22.0,5.606,3.564,6021.557,,348.977,9.21,16.7,38.1,,,73.32,0.715
SMR,Europe,San Marino,2021-05-15,5083.0,0.0,2.286,90.0,0.0,0.0,149773.116,0.0,67.35,2651.895,0.0,0.0,0.21,,,,,,,,,,,,,,,,,,38766.0,21862.0,16904.0,1180.0,679.0,114.23,64.42,49.81,20007.0,41.67,33938.0,556.667,,,,56861.47,,,5.64,,,,3.8,84.97,
STP,Africa,Sao Tome and Principe,2021-05-15,2327.0,3.0,1.286,35.0,0.0,0.0,10617.765,13.689,5.867,159.7,0.0,0.0,0.54,,,,,,,,,,,,,,,,,,,,,,,,,,,,219161.0,212.841,18.7,2.886,2.162,3052.714,32.3,270.113,2.42,,,41.34,2.9,70.39,0.625
SAU,Asia,Saudi Arabia,2021-05-15,432269.0,837.0,975.286,7147.0,13.0,12.571,12416.575,24.042,28.014,205.292,0.373,0.361,1.0,,,,,,,,,71457.0,17812376.0,511.646,2.053,71073.0,2.042,0.014,70.3,tests performed,11419299.0,,,113133.0,145655.0,32.8,,,4184.0,50.0,34813867.0,15.322,31.9,3.295,1.845,49045.411,,259.538,17.72,1.8,25.4,,2.7,75.13,0.854
SEN,Africa,Senegal,2021-05-15,40828.0,22.0,23.286,1124.0,2.0,1.0,2438.376,1.314,1.391,67.129,0.119,0.06,0.78,,,,,,,,,990.0,506181.0,30.231,0.059,1072.0,0.064,0.028,35.4,tests performed,431916.0,431916.0,,448.0,1418.0,2.58,2.58,,85.0,23.15,16743930.0,82.328,18.7,3.008,1.796,2470.58,38.0,241.219,2.42,0.4,16.6,20.859,,67.94,0.512
SRB,Europe,Serbia,2021-05-15,705890.0,705.0,1053.143,6664.0,18.0,20.714,103737.239,103.606,154.769,979.338,2.645,3.044,0.73,,,,,,,,,12089.0,3977053.0,584.466,1.777,11760.0,1.728,0.076,13.2,people tested,4021493.0,2278826.0,1742667.0,27621.0,33592.0,59.1,33.49,25.61,4937.0,56.48,6804596.0,80.291,41.2,17.366,,14048.881,,439.415,10.08,37.7,40.2,97.719,5.609,76.0,0.806
SYC,Africa,Seychelles,2021-05-15,9184.0,0.0,401.571,32.0,0.0,0.571,93390.279,0.0,4083.5,325.402,0.0,5.811,1.04,,,,,,,,,,,,,,,,,,131068.0,69708.0,61360.0,,307.0,133.28,70.88,62.4,3122.0,58.33,98340.0,208.354,36.2,8.606,5.586,26382.287,1.1,242.648,10.55,7.1,35.7,,3.6,73.4,0.796
SLE,Africa,Sierra Leone,2021-05-15,4103.0,0.0,5.0,79.0,0.0,0.0,514.355,0.0,0.627,9.903,0.0,0.0,0.61,,,,,,,,,,,,,,,,,,64966.0,58250.0,6716.0,,551.0,0.81,0.73,0.08,69.0,,7976985.0,104.7,19.1,2.538,1.285,1390.3,52.2,325.721,2.42,8.8,41.3,19.275,,54.7,0.452
SGP,Asia,Singapore,2021-05-15,61536.0,31.0,29.286,31.0,0.0,0.0,10518.358,5.299,5.006,5.299,0.0,0.0,0.95,,,,,,,,,,10441802.0,1784.819,,76429.0,13.064,0.0,3741.2,samples tested,3200000.0,1900000.0,1300000.0,,32938.0,54.7,32.48,22.22,5630.0,52.78,5850343.0,7915.731,42.4,12.922,7.049,85535.383,,92.243,10.99,5.2,28.3,,2.4,83.62,0.938
SXM,North America,Sint Maarten (Dutch part),2021-05-07,,,,,,,,,,,,,,,,,,,,,,,,,,,,,,,24634.0,14678.0,9956.0,,,57.45,34.23,23.22,,,42882.0,1209.088,,,,36327.232,,,,,,,,78.95,
SVK,Europe,Slovakia,2021-05-15,387420.0,258.0,289.286,12203.0,35.0,30.429,70960.684,47.256,52.986,2235.128,6.411,5.573,0.8,,,948.0,173.638,,,,,70531.0,36654003.0,6713.626,12.919,129446.0,23.71,0.005,200.0,tests performed,1897219.0,1289359.0,607860.0,270.0,25104.0,34.75,23.62,11.13,4598.0,67.59,5459643.0,113.128,41.2,15.07,9.167,30155.152,0.7,287.959,7.29,23.1,37.7,,5.82,77.54,0.86
SVN,Europe,Slovenia,2021-05-15,249014.0,494.0,460.143,4320.0,6.0,4.857,119779.772,237.622,221.336,2077.99,2.886,2.336,0.87,129.0,62.051,499.0,240.027,63.483,30.536,278.73,134.074,3961.0,1224095.0,588.81,1.905,3580.0,1.722,0.134,7.5,tests performed,839856.0,553819.0,286037.0,10396.0,14204.0,40.4,26.64,13.76,6832.0,,2078932.0,102.619,44.5,19.062,12.93,31400.84,,153.493,7.25,20.1,25.0,,4.5,81.32,0.917
SLB,Oceania,Solomon Islands,2021-05-15,20.0,0.0,0.0,,,0.0,29.117,0.0,0.0,,,0.0,,,,,,,,,,,,,,,,,,,9340.0,9340.0,3479.0,,225.0,1.36,1.36,0.51,328.0,,686878.0,21.841,20.8,3.507,2.043,2205.923,25.1,459.78,18.68,,,35.89,1.4,73.0,0.567
SOM,Africa,Somalia,2021-05-15,14486.0,0.0,10.143,753.0,0.0,0.857,911.458,0.0,0.638,47.379,0.0,0.054,0.93,,,,,,,,,,,,,,,,,,123570.0,123570.0,,,400.0,0.78,0.78,,25.0,27.78,15893219.0,23.5,16.8,2.731,1.496,,,365.769,6.05,,,9.831,0.9,57.4,
ZAF,Africa,South Africa,2021-05-15,1611143.0,2750.0,2645.286,55183.0,59.0,70.857,27165.378,46.368,44.602,930.437,0.995,1.195,1.37,,,,,,,,,42073.0,11010999.0,185.656,0.709,29314.0,0.494,0.073,13.8,people tested,478452.0,478452.0,478452.0,4134.0,13710.0,0.81,0.81,0.81,231.0,43.52,59308690.0,46.754,27.3,5.344,3.053,12294.876,18.9,200.38,5.52,8.1,33.2,43.993,2.32,64.13,0.709
OWID_SAM,,South America,2021-05-15,26669175.0,124396.0,121603.429,726114.0,3430.0,3454.143,61911.944,288.783,282.3,1685.659,7.963,8.019,,,,,,,,,,,,,,,,,,,93946699.0,62701931.0,31271462.0,779542.0,1327812.0,21.81,14.56,7.26,3082.0,,430759772.0,,,,,,,,,,,,,,
KOR,Asia,South Korea,2021-05-15,131671.0,610.0,623.143,1900.0,4.0,3.714,2568.229,11.898,12.154,37.059,0.078,0.072,1.04,,,,,,,,,32447.0,9186083.0,179.174,0.633,30518.0,0.595,0.02,50.7,people tested,4669153.0,3733796.0,935357.0,32512.0,70419.0,9.11,7.28,1.82,1374.0,52.78,51269183.0,527.967,43.4,13.914,8.622,35938.374,0.2,85.998,6.8,6.2,40.9,,12.27,83.03,0.916
SSD,Africa,South Sudan,2021-05-15,10652.0,1.0,2.143,115.0,0.0,0.0,951.604,0.089,0.191,10.274,0.0,0.0,0.71,,,,,,,,,508.0,158678.0,14.176,0.045,566.0,0.051,0.005,188.7,tests performed,,,,,,,,,,68.52,11193729.0,,19.2,3.441,2.032,1569.888,,280.775,10.43,,,,,57.85,0.433
ESP,Europe,Spain,2021-05-15,3604799.0,0.0,5341.571,79339.0,0.0,78.143,77100.112,0.0,114.247,1696.917,0.0,1.671,0.92,2183.0,46.69,8605.0,184.045,24.695,0.528,684.54,14.641,,41297269.0,883.274,,116486.0,2.491,0.054,18.4,tests performed,21683707.0,14911306.0,6976683.0,611767.0,376511.0,46.38,31.89,14.92,8053.0,62.96,46754783.0,93.105,45.5,19.436,13.799,34272.36,1.0,99.403,7.17,27.4,31.4,,2.97,83.56,0.904
LKA,Asia,Sri Lanka,2021-05-15,140471.0,2386.0,2462.429,941.0,18.0,22.143,6560.004,111.426,114.996,43.945,0.841,1.034,1.44,,,,,,,,,26648.0,3089491.0,144.279,1.244,24923.0,1.164,0.094,10.7,tests performed,1384079.0,1140122.0,243957.0,74239.0,39820.0,6.46,5.32,1.14,1860.0,84.26,21413250.0,341.955,34.1,10.069,5.331,11669.077,0.7,197.093,10.68,0.3,27.0,,3.6,76.98,0.782
SDN,Africa,Sudan,2021-05-15,34889.0,0.0,61.143,2446.0,0.0,11.571,795.658,0.0,1.394,55.782,0.0,0.264,1.24,,,,,,,,,,,,,,,,,,,,,,,,,,,62.5,43849269.0,23.258,19.7,3.548,2.034,4466.507,,431.388,15.67,,,23.437,0.8,65.31,0.51
SUR,South America,Suriname,2021-05-15,11828.0,121.0,115.429,224.0,1.0,1.429,20162.486,206.261,196.764,381.839,1.705,2.435,1.28,,,,,,,,,,,,,,,,,,51573.0,49961.0,1612.0,1532.0,879.0,8.79,8.52,0.27,1498.0,70.37,586634.0,3.612,29.6,6.933,4.229,13767.119,,258.314,12.54,7.4,42.9,67.779,3.1,71.68,0.738
SWE,Europe,Sweden,2021-05-15,1037126.0,0.0,4190.571,14275.0,0.0,14.571,102693.165,0.0,414.938,1413.468,0.0,1.443,1.03,382.0,37.825,1746.0,172.884,153.529,15.202,,,51085.0,,,5.058,51085.0,5.058,0.096,10.5,tests performed,4177688.0,3194265.0,983423.0,47603.0,71177.0,41.37,31.63,9.74,7048.0,65.74,10099270.0,24.718,41.0,19.985,13.433,46949.283,0.5,133.982,4.79,18.8,18.9,,2.22,82.8,0.945
CHE,Europe,Switzerland,2021-05-15,679510.0,0.0,1271.0,10730.0,0.0,3.714,78514.153,0.0,146.858,1239.801,0.0,0.429,0.9,,,,,,,,,29513.0,6805551.0,786.349,3.41,26006.0,3.005,0.057,17.5,tests performed,3495727.0,2316836.0,1178891.0,132138.0,69764.0,40.39,26.77,13.62,8061.0,50.93,8654618.0,214.243,43.1,18.436,12.644,57410.166,,99.739,5.59,22.6,28.9,,4.53,83.78,0.955
SYR,Asia,Syria,2021-05-15,23693.0,48.0,53.429,1693.0,5.0,6.429,1353.835,2.743,3.053,96.739,0.286,0.367,0.71,,,,,,,,,,,,,,,,,,,,,,,,,,,57.87,17500657.0,,21.7,,2.577,,,376.264,,,,70.598,1.5,72.7,0.567
TWN,Asia,Taiwan,2021-05-15,1475.0,185.0,41.714,12.0,0.0,0.0,61.931,7.768,1.751,0.504,0.0,0.0,1.4,,,,,,,,,3915.0,224617.0,9.431,0.164,1569.0,0.066,0.008,132.3,people tested,186149.0,,,34152.0,13592.0,0.78,,,571.0,25.0,23816775.0,,42.2,,8.353,,,103.957,,,,,,80.46,
TJK,Asia,Tajikistan,2021-05-15,13308.0,0.0,0.0,90.0,0.0,0.0,1395.313,0.0,0.0,9.436,0.0,0.0,0.0,,,,,,,,,,,,,,,,,,70517.0,70517.0,,,,0.74,0.74,,,,9537642.0,64.281,23.3,3.466,2.155,2896.913,4.8,427.698,7.11,,,72.704,4.8,71.1,0.668
TZA,Africa,Tanzania,2021-05-15,509.0,0.0,0.0,21.0,0.0,0.0,8.521,0.0,0.0,0.352,0.0,0.0,0.0,,,,,,,,,,,,,,,,,,,,,,,,,,,11.11,59734213.0,64.699,17.7,3.108,1.874,2683.304,49.1,217.288,5.75,3.3,26.7,47.953,0.7,65.46,0.529
THA,Asia,Thailand,2021-05-15,99145.0,3095.0,2553.0,565.0,17.0,26.143,1420.416,44.341,36.576,8.095,0.244,0.375,1.04,,,,,,,,,,,,,,,,,,2124732.0,1416732.0,708300.0,84369.0,67564.0,3.04,2.03,1.01,968.0,59.26,69799978.0,135.132,40.1,11.373,6.89,16277.671,0.1,109.861,7.04,1.9,38.8,90.67,2.1,77.15,0.777
TLS,Asia,Timor,2021-05-15,4279.0,161.0,166.857,8.0,0.0,0.571,3245.497,122.114,126.556,6.068,0.0,0.433,1.26,,,,,,,,,,,,,,,,,,30599.0,30599.0,,,1472.0,2.32,2.32,,1116.0,,1318442.0,87.176,18.0,3.556,1.897,6570.102,30.3,335.346,6.86,6.3,78.1,28.178,5.9,69.5,0.606
TGO,Africa,Togo,2021-05-15,13265.0,21.0,22.714,125.0,0.0,0.143,1602.298,2.537,2.744,15.099,0.0,0.017,0.81,,,,,,,,,794.0,320455.0,38.708,0.096,828.0,0.1,0.029,34.1,tests performed,,,,,,,,,,42.59,8278737.0,143.366,19.4,2.839,1.525,1429.813,49.2,280.033,6.15,0.9,14.2,10.475,0.7,61.04,0.515
TON,Oceania,Tonga,2021-05-11,,,,,,,,,,,,,,,,,,,,,,,,,,,,,,,16683.0,16683.0,1349.0,,633.0,15.78,15.78,1.28,5989.0,47.22,105697.0,150.028,22.3,5.82,4.032,5425.621,,227.49,15.42,11.8,44.4,,2.6,70.91,0.725
TTO,North America,Trinidad and Tobago,2021-05-15,15899.0,520.0,396.714,276.0,11.0,10.429,11360.559,371.564,283.47,197.215,7.86,7.452,1.45,,,,,,,,,5920.0,147470.0,105.374,4.23,1484.0,1.06,0.202,5.0,people tested,61850.0,60671.0,1179.0,2.0,160.0,4.42,4.34,0.08,114.0,64.81,1399491.0,266.886,36.2,10.014,5.819,28763.071,,228.467,10.97,,,89.443,3.0,73.51,0.796
TUN,Africa,Tunisia,2021-05-15,325832.0,552.0,902.857,11779.0,52.0,61.286,27569.382,46.706,76.393,996.648,4.4,5.186,0.89,,,,,,,,,5803.0,1376013.0,116.428,0.491,5245.0,0.444,0.213,4.7,people tested,537380.0,372240.0,165140.0,18842.0,16128.0,4.55,3.15,1.4,1365.0,,11818618.0,74.228,32.7,8.001,5.075,10849.297,2.0,318.991,8.52,1.1,65.8,78.687,2.3,76.7,0.74
TUR,Asia,Turkey,2021-05-15,5106862.0,11472.0,12960.143,44537.0,236.0,255.857,60551.559,136.022,153.667,528.071,2.798,3.034,0.52,,,,,,,,,201295.0,50259943.0,595.927,2.387,221048.0,2.621,0.069,14.6,tests performed,25687427.0,14895052.0,10792375.0,125429.0,119153.0,30.46,17.66,12.8,1413.0,87.04,84339067.0,104.914,31.6,8.153,5.061,25129.341,0.2,171.285,12.13,14.1,41.1,,2.81,77.69,0.82
UGA,Africa,Uganda,2021-05-15,42674.0,0.0,52.286,347.0,0.0,0.143,932.949,0.0,1.143,7.586,0.0,0.003,1.14,,,,,,,,,5431.0,1052657.0,23.013,0.119,3343.0,0.073,0.017,59.2,samples tested,423092.0,423092.0,,4738.0,5153.0,0.92,0.92,,113.0,,45741000.0,213.759,16.4,2.168,1.308,1697.707,41.6,213.333,2.5,3.4,16.7,21.222,0.5,63.37,0.544
UKR,Europe,Ukraine,2021-05-15,2206627.0,6919.0,5282.429,49881.0,327.0,255.143,50455.919,158.207,120.786,1140.561,7.477,5.834,0.78,,,,,,,,,33889.0,9790291.0,223.861,0.775,27919.0,0.638,0.197,5.1,tests performed,956322.0,939236.0,17086.0,6164.0,13320.0,2.19,2.15,0.04,305.0,45.83,43733759.0,77.39,41.4,16.462,11.133,7894.393,0.1,539.849,7.11,13.5,47.4,,8.8,72.06,0.779
ARE,Asia,United Arab Emirates,2021-05-15,544931.0,1321.0,1498.0,1629.0,3.0,2.714,55096.963,133.564,151.46,164.705,0.303,0.274,0.91,,,,,,,,,212212.0,46559437.0,4707.538,21.456,194017.0,19.617,,,tests performed,11448363.0,,,2683.0,45925.0,115.75,,,4643.0,56.48,9890400.0,112.442,34.0,1.144,0.526,67293.483,,317.84,17.26,1.2,37.4,,1.2,77.97,0.89
GBR,Europe,United Kingdom,2021-05-15,4464663.0,2060.0,2265.0,127937.0,7.0,10.571,65767.061,30.345,33.365,1884.586,0.103,0.156,1.05,129.0,1.9,1060.0,15.614,,,768.0,11.313,1184941.0,165362038.0,2435.878,17.455,999815.0,14.728,0.002,434.8,tests performed,56018988.0,36320867.0,19698121.0,584023.0,512258.0,82.52,53.5,29.02,7546.0,59.72,67886004.0,272.898,40.8,18.517,12.527,39753.244,0.2,122.137,4.28,20.0,24.7,,2.54,81.32,0.932
USA,North America,United States,2021-05-15,32923982.0,28813.0,33859.571,585708.0,476.0,598.857,99467.428,87.048,102.294,1769.496,1.438,1.809,0.81,8607.0,26.003,31781.0,96.014,,,27145.0,82.008,405957.0,429959899.0,1298.962,1.226,821408.0,2.482,0.045,22.2,tests performed,270832342.0,156217367.0,121768268.0,2393676.0,1926448.0,80.98,46.71,36.41,5760.0,56.94,331002647.0,35.608,38.3,15.413,9.732,54225.446,1.2,151.089,10.79,19.1,24.6,,2.77,78.86,0.926
OWID_UMC,,Upper middle income,2021-05-15,,,,,,,,,,,,,,,,,,,,,,,,,,,,,,,586666098.0,126712855.0,74815594.0,13954994.0,13170081.0,22.1,4.77,2.82,4961.0,,2654816331.0,,,,,,,,,,,,,,
URY,South America,Uruguay,2021-05-15,238079.0,2873.0,2754.143,3419.0,50.0,48.143,68537.05,827.066,792.85,984.245,14.394,13.859,0.98,,,,,,,,,15160.0,1934871.0,557.001,4.364,13146.0,3.784,0.205,4.9,tests performed,2281217.0,1345370.0,935847.0,34201.0,39775.0,65.67,38.73,26.94,11450.0,72.22,3473727.0,19.751,35.6,14.655,10.361,20551.409,0.1,160.708,6.93,14.0,19.9,,2.8,77.91,0.817
UZB,Asia,Uzbekistan,2021-05-15,96368.0,251.0,341.429,667.0,0.0,0.714,2879.304,7.499,10.201,19.929,0.0,0.021,1.1,,,,,,,,,,,,,,,,,,1173978.0,1057094.0,116884.0,,40972.0,3.51,3.16,0.35,1224.0,42.59,33469199.0,76.134,28.2,4.469,2.873,6253.104,,724.417,7.57,1.3,24.7,,4.0,71.72,0.72
VUT,Oceania,Vanuatu,2021-05-15,4.0,0.0,0.0,1.0,0.0,0.0,13.023,0.0,0.0,3.256,0.0,0.0,,,,,,,,,,,,,,,,,,,,,,,,,,,,22.22,307150.0,22.662,23.1,4.394,2.62,2921.909,13.2,546.3,12.02,2.8,34.5,25.209,,70.47,0.609
VAT,Europe,Vatican,2021-05-15,27.0,0.0,0.0,,,0.0,33374.536,0.0,0.0,,,0.0,,,,,,,,,,,,,,,,,,,,,,,,,,,,,809.0,,,,,,,,,,,,,75.12,
VEN,South America,Venezuela,2021-05-15,212998.0,0.0,921.286,2366.0,0.0,12.286,7490.45,0.0,32.399,83.205,0.0,0.432,0.98,,,,,,,,,,,,,,,,,,,,,,,,,,,87.96,28435943.0,36.253,29.0,6.614,3.915,16745.022,,204.85,6.47,,,,0.8,72.06,0.711
VNM,Asia,Vietnam,2021-05-15,4112.0,296.0,123.857,36.0,1.0,0.143,42.244,3.041,1.272,0.37,0.01,0.001,2.07,,,,,,,,,,,,,,,,,,892454.0,887705.0,37145.0,3796.0,35723.0,0.92,0.91,0.04,367.0,69.91,97338583.0,308.127,32.6,7.15,4.718,6171.884,2.0,245.465,6.0,1.0,45.9,85.847,2.6,75.4,0.704
WLF,Oceania,Wallis and Futuna,2021-05-11,,,,,,,,,,,,,,,,,,,,,,,,,,,,,,,5774.0,4286.0,1488.0,,10.0,51.34,38.11,13.23,889.0,,11246.0,,,,,,,,,,,,,79.94,
OWID_WRL,,World,2021-05-15,162521726.0,627518.0,690413.286,3369259.0,11649.0,12318.286,20850.022,80.505,88.574,432.245,1.494,1.58,0.95,,,,,,,,,,,,,,,,,,1450141331.0,699144491.0,355105097.0,20758307.0,23091113.0,18.6,8.97,4.56,2962.0,,7794798729.0,58.045,30.9,8.696,5.355,15469.207,10.0,233.07,8.51,6.434,34.635,60.13,2.705,72.58,0.737
YEM,Asia,Yemen,2021-05-15,6538.0,15.0,10.857,1285.0,0.0,2.143,219.205,0.503,0.364,43.083,0.0,0.072,0.58,,,,,,,,,,,,,,,,,,18555.0,18555.0,,,,0.06,0.06,,,25.93,29825968.0,53.508,20.3,2.922,1.583,1479.147,18.8,495.003,5.35,7.6,29.2,49.542,0.7,66.12,0.47
ZMB,Africa,Zambia,2021-05-15,92409.0,53.0,50.286,1260.0,0.0,0.429,5026.611,2.883,2.735,68.538,0.0,0.023,0.8,,,,,,,,,4800.0,1453013.0,79.037,0.261,4442.0,0.242,0.012,85.9,tests performed,107790.0,107790.0,,7417.0,4349.0,0.59,0.59,,237.0,39.81,18383956.0,22.995,17.7,2.48,1.542,3689.251,57.5,234.499,3.94,3.1,24.7,13.938,2.0,63.89,0.584
ZWE,Africa,Zimbabwe,2021-05-15,38554.0,19.0,20.0,1582.0,0.0,0.857,2593.971,1.278,1.346,106.439,0.0,0.058,0.73,,,,,,,,,1839.0,516100.0,34.724,0.124,1983.0,0.133,0.008,127.4,tests performed,775241.0,571460.0,203781.0,23221.0,19211.0,5.22,3.84,1.37,1293.0,51.85,14862927.0,42.729,19.6,2.822,1.882,1899.775,21.4,307.846,1.82,1.6,30.7,36.791,1.7,61.49,0.571
