Country,Year,CanSino,Johnson&Johnson,Moderna,Oxford/AstraZeneca,Pfizer/BioNTech,Sinovac
Chile,-8,0,0,0,0,420,0
Chile,-7,0,0,0,0,5198,0
Chile,-6,0,0,0,0,8338,0
Chile,-5,0,0,0,0,8649,0
Chile,-4,0,0,0,0,8649,0
Chile,-3,0,0,0,0,8649,0
Chile,-2,0,0,0,0,8649,0
Chile,-1,0,0,0,0,8649,0
Chile,0,0,0,0,0,8649,0
Chile,1,0,0,0,0,8649,0
Chile,2,0,0,0,0,8649,0
Chile,3,0,0,0,0,9054,0
Chile,4,0,0,0,0,10497,0
Chile,5,0,0,0,0,10702,0
Chile,6,0,0,0,0,10702,0
Chile,7,0,0,0,0,10702,0
Chile,8,0,0,0,0,10702,0
Chile,9,0,0,0,0,10702,0
Chile,10,0,0,0,0,10702,0
Chile,11,0,0,0,0,10702,0
Chile,12,0,0,0,0,11732,0
Chile,13,0,0,0,0,18646,0
Chile,14,0,0,0,0,22077,0
Chile,15,0,0,0,0,22167,0
Chile,16,0,0,0,0,22167,0
Chile,17,0,0,0,0,33203,0
Chile,18,0,0,0,0,52559,0
Chile,19,0,0,0,0,61862,0
Chile,20,0,0,0,0,64922,0
Chile,21,0,0,0,0,65334,0
Chile,22,0,0,0,0,65334,0
Chile,23,0,0,0,0,65334,0
Chile,24,0,0,0,0,66754,0
Chile,25,0,0,0,0,67370,0
Chile,26,0,0,0,0,67405,0
Chile,27,0,0,0,0,67405,0
Chile,28,0,0,0,0,67410,0
Chile,29,0,0,0,0,67411,0
Chile,30,0,0,0,0,67411,0
Chile,31,0,0,0,0,67411,0
Chile,32,0,0,0,0,67417,13182
Chile,33,0,0,0,0,67417,183541
Chile,34,0,0,0,0,69545,357545
Chile,35,0,0,0,0,70233,526194
Chile,36,0,0,0,0,70238,554043
Chile,37,0,0,0,0,70240,562677
Chile,38,0,0,0,0,82026,784126
Chile,39,0,0,0,0,101491,1026499
Chile,40,0,0,0,0,109927,1298914
Chile,41,0,0,0,0,112997,1549990
Chile,42,0,0,0,0,113357,1779070
Chile,43,0,0,0,0,113391,1808585
Chile,44,0,0,0,0,113391,1813051
Chile,45,0,0,0,0,113392,2078903
Chile,46,0,0,0,0,113403,2298900
Chile,47,0,0,0,0,113403,2486935
Chile,48,0,0,0,0,113404,2642175
Chile,49,0,0,0,0,113404,2784290
Chile,50,0,0,0,0,113404,2793929
Chile,51,0,0,0,0,113404,2795093
Chile,52,0,0,0,0,125501,2891133
Chile,53,0,0,0,0,150349,2960536
Chile,54,0,0,0,0,178868,3018282
Chile,55,0,0,0,0,212577,3070642
Chile,56,0,0,0,0,242288,3119303
Chile,57,0,0,0,0,248549,3123025
Chile,58,0,0,0,0,248551,3123378
Chile,59,0,0,0,0,263393,3246027
Chile,60,0,0,0,0,294230,3386473
Chile,61,0,0,0,0,312748,3679784
Chile,62,0,0,0,0,321807,3981187
Chile,63,0,0,0,0,327547,4273191
Chile,64,0,0,0,0,327891,4306621
Chile,65,0,0,0,0,327997,4314472
Chile,66,0,0,0,0,340536,4652438
Chile,67,0,0,0,0,378031,4991357
Chile,68,0,0,0,0,419558,5351040
Chile,69,0,0,0,0,465245,5722314
Chile,70,0,0,0,0,482586,6079196
Chile,71,0,0,0,0,483139,6129085
Chile,72,0,0,0,0,483139,6135666
Chile,73,0,0,0,0,506891,6541987
Chile,74,0,0,0,0,560096,6898554
Chile,75,0,0,0,0,615123,7210280
Chile,76,0,0,0,0,663838,7495563
Chile,77,0,0,0,0,682988,7766906
Chile,78,0,0,0,0,684841,7799181
Chile,79,0,0,0,0,684842,7803202
Chile,80,0,0,0,0,718037,8035816
Chile,81,0,0,0,0,774583,8216705
Chile,82,0,0,0,0,825989,8382833
Chile,83,0,0,0,0,879522,8540897
Chile,84,0,0,0,0,917246,8720108
Chile,85,0,0,0,0,919235,8733738
Chile,86,0,0,0,0,919235,8735129
Chile,87,0,0,0,0,940746,8979780
Chile,88,0,0,0,0,997405,9200883
Chile,89,0,0,0,0,1042961,9434961
Chile,90,0,0,0,0,1066214,9714420
Chile,91,0,0,0,0,1066437,9721219
Chile,92,0,0,0,0,1066627,9724249
Chile,93,0,0,0,0,1066629,9725365
Chile,94,0,0,0,0,1097265,9978888
Chile,95,0,0,0,0,1179284,10135849
Chile,96,0,0,0,0,1267919,10279794
Chile,97,0,0,0,0,1345577,10441005
Chile,98,0,0,0,0,1394238,10610649
Chile,99,0,0,0,0,1401967,10628833
Chile,100,0,0,0,0,1402464,10630778
Chile,101,0,0,0,0,1466562,10802902
Chile,102,0,0,0,0,1553807,10949929
Chile,103,0,0,0,0,1642116,11089804
Chile,104,0,0,0,0,1708493,11228904
Chile,105,0,0,0,0,1755538,11372238
Chile,106,0,0,0,0,1761300,11388630
Chile,107,0,0,0,0,1761954,11390590
Chile,108,0,0,0,0,1783252,11561374
Chile,109,0,0,0,0,1824260,11706119
Chile,110,0,0,0,0,1868680,11837513
Chile,111,0,0,0,0,1914531,11991004
Chile,112,0,0,0,0,1942766,12145579
Chile,113,0,0,0,0,1945077,12160840
Chile,114,0,0,0,0,1945078,12161877
Chile,115,0,0,0,0,1989498,12313129
Chile,116,0,0,0,0,2052223,12420709
Chile,117,0,0,0,3604,2106257,12531311
Chile,118,0,0,0,10142,2138194,12647518
Chile,119,0,0,0,23862,2168758,12690574
Chile,120,0,0,0,24149,2169893,12691407
Chile,121,0,0,0,24332,2170283,12692288
Chile,122,0,0,0,44422,2193629,12799996
Chile,123,0,0,0,61188,2239023,12906638
Chile,124,0,0,0,71012,2286854,13023269
Chile,125,0,0,0,78247,2327041,13133319
Chile,126,0,0,0,82395,2360039,13243031
Chile,127,0,0,0,83065,2365630,13262175
Chile,128,0,0,0,83135,2365693,13263442
Chile,129,0,0,0,86089,2404554,13394493
Chile,130,0,0,0,88068,2469711,13518915
Chile,131,0,0,0,89735,2528374,13640852
Chile,132,0,0,0,90291,2575439,13749713
Chile,133,0,0,0,90522,2619466,13863839
Chile,134,0,0,0,90562,2619786,13864981
Chile,135,0,0,0,90562,2619865,13865336
Chile,136,0,0,0,90855,2672700,13983152
Chile,137,0,0,0,92285,2750427,14086621
Chile,138,0,0,0,98799,2828668,14167394
Chile,139,0,0,0,105516,2897627,14281290
Chile,140,0,0,0,105584,2904081,14283825
Chile,141,0,0,0,106077,2916224,14303705
Chile,142,0,0,0,106097,2917349,14306834
Chile,143,0,0,0,118471,2991065,14456886
Chile,144,0,0,0,136028,3101571,14574087
Chile,145,0,0,0,161409,3174921,14703307
Chile,146,0,0,0,195289,3230822,14815578
Chile,147,0,0,0,227327,3278263,14921317
Chile,148,0,0,0,235766,3290394,14947941
Chile,149,0,0,0,237159,3291940,14955066
Chile,150,72,0,0,280907,3359371,15058439
Chile,151,10170,0,0,326247,3461567,15120309
Chile,152,33117,0,0,358707,3540840,15188290
Chile,153,72417,0,0,361033,3587762,15261948
Chile,154,106226,0,0,362577,3611625,15345673
Chile,155,115934,0,0,362862,3616515,15367750
Chile,156,117633,0,0,362892,3617055,15370265
Czechia,-5,0,0,0,0,1253,0
Czechia,-4,0,0,0,0,3545,0
Czechia,-3,0,0,0,0,6993,0
Czechia,-2,0,0,0,0,10469,0
Czechia,-1,0,0,0,0,11775,0
Czechia,0,0,0,0,0,12036,0
Czechia,1,0,0,0,0,13301,0
Czechia,2,0,0,0,0,14215,0
Czechia,3,0,0,0,0,17790,0
Czechia,4,0,0,0,0,22280,0
Czechia,5,0,0,0,0,28099,0
Czechia,6,0,0,0,0,36040,0
Czechia,7,0,0,0,0,45976,0
Czechia,8,0,0,0,0,47989,0
Czechia,9,0,0,0,0,49739,0
Czechia,10,0,0,0,0,59530,0
Czechia,11,0,0,0,0,72890,0
Czechia,12,0,0,0,0,86364,0
Czechia,13,0,0,1226,0,100297,0
Czechia,14,0,0,1984,0,113478,0
Czechia,15,0,0,2310,0,116526,0
Czechia,16,0,0,2399,0,119667,0
Czechia,17,0,0,2576,0,133750,0
Czechia,18,0,0,3350,0,148183,0
Czechia,19,0,0,4928,0,162843,0
Czechia,20,0,0,5885,0,179170,0
Czechia,21,0,0,6080,0,194805,0
Czechia,22,0,0,6121,0,198910,0
Czechia,23,0,0,6245,0,201894,0
Czechia,24,0,0,6442,0,214248,0
Czechia,25,0,0,6715,0,228424,0
Czechia,26,0,0,7017,0,241607,0
Czechia,27,0,0,7136,0,254605,0
Czechia,28,0,0,7287,0,268449,0
Czechia,29,0,0,7289,0,270247,0
Czechia,30,0,0,7290,0,272121,0
Czechia,31,0,0,7546,0,283692,0
Czechia,32,0,0,7873,0,297651,0
Czechia,33,0,0,8601,0,312262,0
Czechia,34,0,0,9737,0,328913,0
Czechia,35,0,0,10927,0,343781,0
Czechia,36,0,0,11185,0,346696,0
Czechia,37,0,0,11448,0,349755,0
Czechia,38,0,0,12353,0,364215,0
Czechia,39,0,0,14003,3,379522,0
Czechia,40,0,0,15745,3,396417,0
Czechia,41,0,0,19113,236,415209,0
Czechia,42,0,0,21347,633,433921,0
Czechia,43,0,0,21830,1072,437546,0
Czechia,44,0,0,22078,1275,439451,0
Czechia,45,0,0,23471,2024,452958,0
Czechia,46,0,0,25939,3191,467004,0
Czechia,47,0,0,28671,5235,480135,0
Czechia,48,0,0,31016,7226,496050,0
Czechia,49,0,0,32404,8962,512022,0
Czechia,50,0,0,32407,9608,514470,0
Czechia,51,0,0,32507,9800,516208,0
Czechia,52,0,0,33504,11408,529669,0
Czechia,53,0,0,34285,14144,545952,0
Czechia,54,0,0,35613,17076,561493,0
Czechia,55,0,0,36791,21424,579402,0
Czechia,56,0,0,37630,24771,596624,0
Czechia,57,0,0,37801,25389,599317,0
Czechia,58,0,0,37994,25861,601536,0
Czechia,59,0,0,39590,29867,618682,0
Czechia,60,0,0,41457,39252,638040,0
Czechia,61,0,0,45155,48972,659684,0
Czechia,62,0,0,49899,58317,683307,0
Czechia,63,0,0,53499,66684,705362,0
Czechia,64,0,0,54894,71165,712392,0
Czechia,65,0,0,56174,75299,719147,0
Czechia,66,0,0,59243,83154,742571,0
Czechia,67,0,0,64542,94309,768539,0
Czechia,68,0,0,69512,105129,800661,0
Czechia,69,0,0,73781,116796,837542,0
Czechia,70,0,0,79200,128992,866869,0
Czechia,71,0,0,80488,131975,880872,0
Czechia,72,0,0,81620,132878,891989,0
Czechia,73,0,0,88396,140893,914106,0
Czechia,74,0,0,97578,149511,945410,0
Czechia,75,0,0,105309,158421,976455,0
Czechia,76,0,0,112439,167624,1010146,0
Czechia,77,0,0,118498,176303,1043067,0
Czechia,78,0,0,119635,178710,1056522,0
Czechia,79,0,0,119950,179166,1064626,0
Czechia,80,0,0,124230,185934,1090096,0
Czechia,81,0,0,128074,193473,1118255,0
Czechia,82,0,0,132219,201074,1148687,0
Czechia,83,0,0,136258,208515,1181098,0
Czechia,84,0,0,138791,214166,1214923,0
Czechia,85,0,0,140029,215015,1225998,0
Czechia,86,0,0,141573,215109,1233947,0
Czechia,87,0,0,147443,218821,1263684,0
Czechia,88,0,0,156261,224105,1296092,0
Czechia,89,0,0,167229,229016,1330017,0
Czechia,90,0,0,177905,233474,1372083,0
Czechia,91,0,0,180432,234027,1388502,0
Czechia,92,0,0,182130,234236,1401024,0
Czechia,93,0,0,183337,234237,1411011,0
Czechia,94,0,0,184732,234308,1418991,0
Czechia,95,0,0,193174,237276,1452693,0
Czechia,96,0,0,201491,245293,1481567,0
Czechia,97,0,0,207687,256450,1533129,0
Czechia,98,0,0,215233,267448,1583264,0
Czechia,99,0,0,216792,270908,1608703,0
Czechia,100,0,0,217932,271399,1626742,0
Czechia,101,0,0,226493,280008,1672030,0
Czechia,102,0,0,237024,289280,1713791,0
Czechia,103,0,0,247420,299176,1759173,0
Czechia,104,0,0,256855,308148,1813762,0
Czechia,105,0,0,266826,314751,1866984,0
Czechia,106,0,0,269179,315355,1889545,0
Czechia,107,0,0,270059,315498,1906359,0
Czechia,108,0,0,276993,320911,1952904,0
Czechia,109,0,0,283652,327494,1997231,0
Czechia,110,0,0,289073,334879,2046006,0
Czechia,111,0,28,294966,342803,2103539,0
Czechia,112,0,248,298803,348909,2154737,0
Czechia,113,0,260,299619,349573,2176135,0
Czechia,114,0,276,301077,349742,2193042,0
Czechia,115,0,818,305195,355241,2238913,0
Czechia,116,0,1753,311364,361800,2284860,0
Czechia,117,0,3204,319745,368370,2339201,0
Czechia,118,0,4781,327553,374682,2402475,0
Czechia,119,0,6236,331332,378459,2463476,0
Czechia,120,0,6332,332515,378663,2484423,0
Czechia,121,0,6359,333008,378776,2504755,0
Czechia,122,0,7469,335932,381873,2568158,0
Czechia,123,0,9021,342838,386012,2627972,0
Czechia,124,0,10978,348334,392120,2694266,0
Czechia,125,0,12935,353632,399289,2767988,0
Czechia,126,0,14852,358426,404888,2840330,0
Czechia,127,0,14995,359506,405147,2869605,0
Czechia,128,0,15003,360571,405542,2893307,0
Czechia,129,0,16685,366062,411334,2957766,0
Czechia,130,0,18499,372304,418694,3024621,0
Czechia,131,0,20073,380490,425989,3094053,0
Czechia,132,0,21572,387704,432861,3169248,0
Czechia,133,0,22659,393022,438630,3242188,0
Czechia,134,0,22721,393738,440549,3273154,0
Czechia,135,0,22746,394436,441326,3298426,0
Czechia,136,0,23622,399324,445885,3365746,0
Czechia,137,0,24612,407121,451813,3434272,0
Czechia,138,0,25835,417283,458261,3506967,0
Czechia,139,0,27459,427759,464841,3588160,0
Czechia,140,0,28880,435615,470554,3667379,0
Czechia,141,0,29050,437437,472417,3706323,0
Czechia,142,0,29055,438333,473853,3735037,0
Czechia,143,0,30331,446902,480148,3797664,0
Czechia,144,0,32107,455653,491128,3861125,0
Czechia,145,0,34010,465489,501983,3940989,0
Czechia,146,0,36122,475322,511446,4025166,0
Czechia,147,0,38206,485147,520603,4109249,0
Czechia,148,0,38342,487695,523029,4149808,0
Czechia,149,0,38343,488690,525609,4182679,0
Czechia,150,0,40167,496906,533815,4263936,0
Czechia,151,0,42385,506725,545428,4343979,0
Czechia,152,0,44815,515879,556831,4434183,0
Czechia,153,0,47550,524961,568482,4524607,0
Czechia,154,0,50737,533830,578803,4616652,0
Czechia,155,0,50828,534673,580807,4665393,0
Czechia,156,0,50894,535186,581707,4705312,0
Czechia,157,0,53860,542197,590097,4797187,0
France,-5,0,0,0,0,20,0
France,-4,0,0,0,0,89,0
France,-3,0,0,0,0,197,0
France,-2,0,0,0,0,318,0
France,-1,0,0,0,0,403,0
France,0,0,0,0,0,471,0
France,1,0,0,0,0,558,0
France,2,0,0,0,0,648,0
France,3,0,0,0,0,2125,0
France,4,0,0,0,0,7519,0
France,5,0,0,0,0,18813,0
France,6,0,0,0,0,47367,0
France,7,0,0,0,0,83600,0
France,8,0,0,0,0,94517,0
France,9,0,0,0,0,100136,0
France,10,0,0,0,0,139108,0
France,11,0,0,0,0,199952,0
France,12,0,0,0,0,263697,0
France,13,0,0,147,0,343397,0
France,14,0,0,364,0,410648,0
France,15,0,0,549,0,430249,0
France,16,0,0,552,0,440756,0
France,17,0,0,3460,0,522367,0
France,18,0,0,7970,0,646416,0
France,19,0,0,12891,0,776801,0
France,20,0,0,18016,0,927154,0
France,21,0,0,22894,0,1041048,0
France,22,0,0,24629,0,1077171,0
France,23,0,0,24731,0,1086458,0
France,24,0,0,28365,0,1160870,0
France,25,0,0,32112,0,1259035,0
France,26,0,0,35552,0,1366832,0
France,27,0,0,39065,0,1500000,0
France,28,0,0,42147,0,1605067,0
France,29,0,0,43212,0,1636871,0
France,30,0,0,43212,0,1643418,0
France,31,0,0,46468,0,1712835,0
France,32,0,0,50771,0,1813801,0
France,33,0,0,55801,0,1916715,0
France,34,0,0,60538,0,2042600,0
France,35,0,0,65161,0,2150434,0
France,36,0,0,67094,315,2179910,0
France,37,0,0,67136,1663,2188384,0
France,38,0,0,74561,4296,2270145,0
France,39,0,0,82830,10933,2392548,0
France,40,0,0,92015,20158,2520064,0
France,41,0,0,102134,33498,2681310,0
France,42,0,0,112183,46533,2810192,0
France,43,0,0,115420,50042,2844595,0
France,44,0,0,115716,50907,2855207,0
France,45,0,0,122140,61013,2952223,0
France,46,0,0,130928,73177,3081207,0
France,47,0,0,139435,83990,3214154,0
France,48,0,0,149753,98532,3375764,0
France,49,0,0,159269,112643,3506603,0
France,50,0,0,162542,115818,3546543,0
France,51,0,0,162825,116362,3554947,0
France,52,0,0,170062,125266,3648399,0
France,53,0,0,178591,136364,3765444,0
France,54,0,0,186804,150240,3882471,0
France,55,0,0,195522,194562,4019370,0
France,56,0,0,202840,255937,4133344,0
France,57,0,0,205384,290382,4169453,0
France,58,0,0,205511,292724,4177070,0
France,59,0,0,214232,312611,4264816,0
France,60,0,0,225265,350922,4381034,0
France,61,0,0,236392,398704,4501209,0
France,62,0,0,248430,479711,4637278,0
France,63,0,0,260257,596522,4769731,0
France,64,0,0,266559,715341,4867232,0
France,65,0,0,268871,769799,4935635,0
France,66,0,0,281160,811793,5036819,0
France,67,0,0,296854,889712,5169539,0
France,68,0,0,312823,969446,5306612,0
France,69,0,0,331083,1096491,5463743,0
France,70,0,0,346970,1277574,5611151,0
France,71,0,0,359348,1408397,5711395,0
France,72,0,0,364503,1422126,5758060,0
France,73,0,0,378622,1473377,5880990,0
France,74,0,0,399695,1474296,6037764,0
France,75,0,0,423558,1474925,6200069,0
France,76,0,0,451417,1476109,6380599,0
France,77,0,0,478836,1545526,6547679,0
France,78,0,0,505518,1609953,6632788,0
France,79,0,0,523136,1615442,6661034,0
France,80,0,0,543602,1652174,6805095,0
France,81,0,0,570052,1735666,6984068,0
France,82,0,0,598584,1825473,7162676,0
France,83,0,0,629876,1973932,7364922,0
France,84,0,0,660718,2137823,7566527,0
France,85,0,0,677665,2205299,7691602,0
France,86,0,0,688150,2211518,7736946,0
France,87,0,0,711071,2264937,7915162,0
France,88,0,0,741239,2357076,8144238,0
France,89,0,0,775291,2419590,8379885,0
France,90,0,0,817751,2504461,8650195,0
France,91,0,0,854913,2590406,8896698,0
France,92,0,0,875222,2625731,9041984,0
France,93,0,0,885300,2629124,9092037,0
France,94,0,0,898229,2633365,9144632,0
France,95,0,0,931861,2662323,9402952,0
France,96,0,0,969615,2693891,9705144,0
France,97,0,0,1014917,2771609,10035987,0
France,98,0,0,1056895,2931827,10354728,0
France,99,0,0,1085305,3006637,10544252,0
France,100,0,0,1097390,3013701,10614663,0
France,101,0,0,1125440,3064444,10884744,0
France,102,0,0,1160953,3149815,11213713,0
France,103,0,0,1194888,3216673,11541601,0
France,104,0,0,1237469,3308710,11886261,0
France,105,0,0,1277894,3420306,12214500,0
France,106,0,0,1313400,3472861,12402670,0
France,107,0,0,1333587,3482324,12458859,0
France,108,0,0,1366326,3507002,12742256,0
France,109,0,0,1406893,3552218,13077515,0
France,110,0,0,1448235,3590692,13415410,0
France,111,0,0,1496489,3645154,13783574,0
France,112,0,741,1546034,3715602,14136363,0
France,113,0,2293,1586239,3753085,14356654,0
France,114,0,2410,1604317,3759157,14439639,0
France,115,0,5237,1638256,3778902,14755812,0
France,116,0,14601,1681505,3813845,15135869,0
France,117,0,24358,1729243,3844034,15525653,0
France,118,0,40236,1784449,3894517,15951847,0
France,119,0,59309,1837329,3957994,16367835,0
France,120,0,61208,1861953,3969133,16545886,0
France,121,0,61647,1877619,3972429,16654157,0
France,122,0,66569,1916397,3988805,17046151,0
France,123,0,74822,1963389,4019653,17493220,0
France,124,0,80826,2010717,4048246,17954359,0
France,125,0,92088,2069133,4103016,18440965,0
France,126,0,110994,2127123,4174761,18915684,0
France,127,0,113249,2156866,4190005,19144335,0
France,128,0,113879,2177662,4194222,19292936,0
France,129,0,120972,2232079,4221181,19737019,0
France,130,0,135079,2295980,4273279,20260872,0
France,131,0,145029,2364252,4317428,20793193,0
France,132,0,146472,2420478,4322906,21118015,0
France,133,0,154053,2493858,4362684,21607540,0
France,134,0,157637,2566205,4390321,21963463,0
France,135,0,157990,2611719,4393811,22134255,0
France,136,0,162229,2668363,4421213,22562940,0
France,137,0,170772,2733849,4463725,23045024,0
France,138,0,176279,2800152,4504372,23533589,0
France,139,0,185455,2873460,4569829,24040491,0
France,140,0,197977,2947419,4647587,24527259,0
France,141,0,202907,3012672,4685521,24840055,0
France,142,0,203328,3050156,4688720,24971864,0
France,143,0,204262,3069005,4694215,25236557,0
France,144,0,211635,3101675,4744219,25726281,0
France,145,0,219145,3131565,4799826,26218472,0
France,146,0,233207,3166589,4883561,26742571,0
France,147,0,259446,3209736,4989753,27244649,0
France,148,0,270545,3247682,5053085,27575371,0
France,149,0,271405,3253938,5061695,27696660,0
France,150,0,283808,3300202,5099727,28153205,0
France,151,0,303493,3364161,5167478,28664327,0
France,152,0,317558,3419525,5228177,29162097,0
France,153,0,336502,3492698,5318879,29685685,0
France,154,0,358134,3580263,5427754,30209660,0
France,155,0,367151,3637534,5481711,30573894,0
France,156,0,367998,3648330,5487348,30733613,0
Germany,-5,0,0,1,0,24101,0
Germany,-4,0,0,1,0,42657,0
Germany,-3,0,0,1,0,93508,0
Germany,-2,0,0,1,0,156538,0
Germany,-1,0,0,1,0,206737,0
Germany,0,0,0,1,1,225667,0
Germany,1,0,0,1,1,278211,0
Germany,2,0,0,1,1,302107,0
Germany,3,0,0,1,1,350279,0
Germany,4,0,0,2,1,404044,0
Germany,5,0,0,8,3,466692,0
Germany,6,0,0,11,3,522768,0
Germany,7,0,0,60,3,585755,0
Germany,8,0,0,60,3,647184,0
Germany,9,0,0,60,3,682694,0
Germany,10,0,0,62,3,750290,0
Germany,11,0,0,69,4,833291,0
Germany,12,0,0,867,4,944352,0
Germany,13,0,0,5492,4,1022954,0
Germany,14,0,0,10953,9,1109127,0
Germany,15,0,0,12734,9,1164952,0
Germany,16,0,0,14039,10,1212680,0
Germany,17,0,0,18079,11,1291280,0
Germany,18,0,0,21583,25,1405581,0
Germany,19,0,0,24347,28,1535038,0
Germany,20,0,0,27091,28,1640132,0
Germany,21,0,0,29195,35,1742114,0
Germany,22,0,0,29578,36,1826733,0
Germany,23,0,0,29822,40,1875709,0
Germany,24,0,0,31553,42,1965771,0
Germany,25,0,0,33205,48,2062836,0
Germany,26,0,0,35161,56,2172060,0
Germany,27,0,0,36797,59,2261645,0
Germany,28,0,0,38202,64,2369355,0
Germany,29,0,0,39076,65,2457004,0
Germany,30,0,0,39453,68,2513138,0
Germany,31,0,0,41662,119,2631506,0
Germany,32,0,0,44529,132,2760565,0
Germany,33,0,1,50915,156,2913833,0
Germany,34,0,1,56785,161,3039802,0
Germany,35,0,1,63180,169,3178350,0
Germany,36,0,1,65705,170,3276112,0
Germany,37,0,1,68103,172,3327994,0
Germany,38,0,1,72074,196,3433937,0
Germany,39,0,1,76008,311,3563803,0
Germany,40,0,1,80021,7341,3704718,0
Germany,41,0,3,87167,22773,3823407,0
Germany,42,0,5,96986,37149,3956699,0
Germany,43,0,6,100172,49956,4048389,0
Germany,44,0,7,102617,57206,4103961,0
Germany,45,0,8,107589,72015,4211049,0
Germany,46,0,9,113380,95661,4318325,0
Germany,47,0,10,121167,115390,4440139,0
Germany,48,0,11,129179,139116,4551180,0
Germany,49,0,12,139162,164550,4670465,0
Germany,50,0,13,143689,186215,4757717,0
Germany,51,0,14,146917,201510,4825345,0
Germany,52,0,15,156041,226650,4951491,0
Germany,53,0,16,163199,254149,5084018,0
Germany,54,0,17,170974,289564,5216857,0
Germany,55,0,17,177695,341128,5348071,0
Germany,56,0,17,186560,401914,5488429,0
Germany,57,0,17,190762,453438,5581263,0
Germany,58,0,17,194713,495150,5643657,0
Germany,59,0,17,204126,552964,5772316,0
Germany,60,0,17,214302,622302,5912956,0
Germany,61,0,17,228147,695381,6069889,0
Germany,62,0,17,242363,782495,6212325,0
Germany,63,0,17,255707,891313,6359615,0
Germany,64,0,17,264298,974429,6470417,0
Germany,65,0,17,271029,1035602,6552921,0
Germany,66,0,17,282038,1128119,6688669,0
Germany,67,0,17,294895,1225719,6828826,0
Germany,68,0,17,306358,1340707,6986574,0
Germany,69,0,17,319585,1460654,7135722,0
Germany,70,0,17,337159,1615032,7288731,0
Germany,71,0,17,346908,1737568,7403444,0
Germany,72,0,17,352057,1814140,7492971,0
Germany,73,0,17,364478,1897978,7645425,0
Germany,74,0,17,375603,1899907,7811564,0
Germany,75,0,17,393638,1901329,7997418,0
Germany,76,0,17,411866,1902905,8172338,0
Germany,77,0,17,432539,1941643,8356993,0
Germany,78,0,17,447864,2010133,8493537,0
Germany,79,0,17,457083,2062387,8598179,0
Germany,80,0,17,480764,2139561,8763934,0
Germany,81,0,17,501047,2237291,8944290,0
Germany,82,0,17,534320,2341100,9141559,0
Germany,83,0,17,561698,2463084,9330051,0
Germany,84,0,17,598207,2600017,9531942,0
Germany,85,0,17,625606,2707491,9683929,0
Germany,86,0,19,644127,2768157,9801687,0
Germany,87,0,19,670133,2863203,9989571,0
Germany,88,0,19,696514,2949489,10205571,0
Germany,89,0,19,734888,3003207,10455197,0
Germany,90,0,19,768186,3058568,10691458,0
Germany,91,0,19,784956,3090463,10873132,0
Germany,92,0,19,802159,3131682,11046844,0
Germany,93,0,19,813290,3181310,11182292,0
Germany,94,0,19,831217,3244696,11350727,0
Germany,95,0,19,864890,3331888,11609051,0
Germany,96,0,19,901205,3431581,12151763,0
Germany,97,0,19,936664,3555742,12725602,0
Germany,98,0,19,972759,3656263,13213745,0
Germany,99,0,19,995923,3755777,13460298,0
Germany,100,0,19,1013980,3830510,13628319,0
Germany,101,0,19,1043009,3938504,13907875,0
Germany,102,0,19,1069866,4054053,14337605,0
Germany,103,0,19,1103927,4177466,14955538,0
Germany,104,0,19,1140588,4288037,15489251,0
Germany,105,0,19,1173067,4413217,15927069,0
Germany,106,0,19,1195258,4529845,16151700,0
Germany,107,0,19,1209672,4610233,16323600,0
Germany,108,0,20,1241680,4687876,16614211,0
Germany,109,0,20,1279968,4827144,16992993,0
Germany,110,0,20,1320496,5051782,17443255,0
Germany,111,0,20,1362403,5264487,17824306,0
Germany,112,0,29,1405904,5422792,18175696,0
Germany,113,0,29,1455777,5503818,18416111,0
Germany,114,0,29,1489700,5565545,18604964,0
Germany,115,0,110,1531194,5636978,18921676,0
Germany,116,0,571,1583011,5693386,19598494,0
Germany,117,0,1299,1642682,5746809,20607631,0
Germany,118,0,2185,1705421,5803458,21431663,0
Germany,119,0,3017,1762456,5870204,22108646,0
Germany,120,0,5587,1803472,5910100,22362218,0
Germany,121,0,7389,1840706,5939314,22558309,0
Germany,122,0,8902,1911072,6002175,22875430,0
Germany,123,0,11691,1974131,6152869,23501431,0
Germany,124,0,15559,2052425,6364694,24346330,0
Germany,125,0,19335,2142722,6565128,25035307,0
Germany,126,0,22899,2227712,6776203,25615716,0
Germany,127,0,24604,2299564,6861498,25883883,0
Germany,128,0,25671,2355715,6896779,26078969,0
Germany,129,0,29385,2435049,7027285,26451420,0
Germany,130,0,32641,2514688,7203413,27272917,0
Germany,131,0,37562,2603124,7428501,28362809,0
Germany,132,0,39751,2669902,7472936,28676132,0
Germany,133,0,47101,2734161,7611723,29221499,0
Germany,134,0,51307,2793735,7668298,29500660,0
Germany,135,0,55963,2846333,7693214,29701523,0
Germany,136,0,66503,2928533,7814397,30041614,0
Germany,137,0,73982,3030999,7987081,30634615,0
Germany,138,0,85910,3129376,8168277,31441301,0
Germany,139,0,96476,3225064,8323390,32123195,0
Germany,140,0,107082,3308550,8479116,32716007,0
Germany,141,0,121551,3379014,8561795,33024290,0
Germany,142,0,131131,3438376,8584764,33219599,0
Germany,143,0,138505,3498583,8606151,33456403,0
Germany,144,0,161968,3578142,8708430,33901904,0
Germany,145,0,239266,3657810,8839669,34782725,0
Germany,146,0,318430,3744321,8969335,35515589,0
Germany,147,0,399928,3827635,9095753,36112587,0
Germany,148,0,427461,3890202,9152639,36375771,0
Germany,149,0,438085,3937532,9181413,36574684,0
Germany,150,0,480166,4002003,9248387,36938026,0
Germany,151,0,564061,4078034,9337001,37665016,0
Germany,152,0,665524,4143990,9416243,38640847,0
Germany,153,0,716117,4206538,9465602,39108158,0
Germany,154,0,791973,4273316,9540462,39690616,0
Germany,155,0,817838,4337954,9583187,39953063,0
Germany,156,0,831860,4376691,9610014,40150398,0
Germany,157,0,885722,4448414,9678596,40533884,0
Iceland,-3,0,0,0,0,2524,0
Iceland,-2,0,0,0,0,4940,0
Iceland,-1,0,0,0,0,4940,0
Iceland,0,0,0,0,0,4940,0
Iceland,1,0,0,0,0,4940,0
Iceland,2,0,0,0,0,4940,0
Iceland,3,0,0,0,0,4940,0
Iceland,4,0,0,1,0,4947,0
Iceland,5,0,0,1,0,4947,0
Iceland,6,0,0,1,0,4947,0
Iceland,7,0,0,1,0,4947,0
Iceland,8,0,0,1,0,4947,0
Iceland,9,0,0,1,0,4947,0
Iceland,10,0,0,1,0,4947,0
Iceland,11,0,0,1,0,4947,0
Iceland,12,0,0,501,0,4947,0
Iceland,13,0,0,843,0,4947,0
Iceland,14,0,0,1262,0,4947,0
Iceland,15,0,0,1262,0,4947,0
Iceland,16,0,0,1262,0,4947,0
Iceland,17,0,0,1263,0,4978,0
Iceland,18,0,0,1263,0,6072,0
Iceland,19,0,0,1263,0,7834,0
Iceland,20,0,0,1263,1,11610,0
Iceland,21,0,0,1263,1,13501,0
Iceland,22,0,0,1263,1,14050,0
Iceland,23,0,0,1263,1,14050,0
Iceland,24,0,0,1263,2,14206,0
Iceland,25,0,0,1263,2,14313,0
Iceland,26,0,0,1263,2,14326,0
Iceland,27,0,0,1263,2,14327,0
Iceland,28,0,0,1263,2,14328,0
Iceland,29,0,0,1263,2,14328,0
Iceland,30,0,0,1263,2,14328,0
Iceland,31,0,0,1263,2,14765,0
Iceland,32,0,0,1264,2,15778,0
Iceland,33,0,0,1264,2,16307,0
Iceland,34,0,0,1264,2,16346,0
Iceland,35,0,0,1264,2,16370,0
Iceland,36,0,0,1264,2,16489,0
Iceland,37,0,0,1264,2,16489,0
Iceland,38,0,0,1264,2,16489,0
Iceland,39,0,0,1264,2,16489,0
Iceland,40,0,0,1814,2,16490,0
Iceland,41,0,0,1990,1210,16490,0
Iceland,42,0,0,2198,1210,16504,0
Iceland,43,0,0,2198,1210,16504,0
Iceland,44,0,0,2198,1210,16504,0
Iceland,45,0,0,2385,1210,16506,0
Iceland,46,0,0,2584,1254,17801,0
Iceland,47,0,0,3233,1517,20228,0
Iceland,48,0,0,3574,1596,20677,0
Iceland,49,0,0,3904,2720,20861,0
Iceland,50,0,0,3904,2720,21211,0
Iceland,51,0,0,3904,2720,21211,0
Iceland,52,0,0,3904,2837,21237,0
Iceland,53,0,0,3904,3157,22610,0
Iceland,54,0,0,3904,3730,23921,0
Iceland,55,0,0,3904,3940,24439,0
Iceland,56,0,0,3904,5166,24598,0
Iceland,57,0,0,3904,5169,24757,0
Iceland,58,0,0,3904,5169,24757,0
Iceland,59,0,0,3904,5265,24757,0
Iceland,60,0,0,3905,5398,27114,0
Iceland,61,0,0,3905,5511,29867,0
Iceland,62,0,0,3906,5877,30048,0
Iceland,63,0,0,3906,8169,30048,0
Iceland,64,0,0,3906,8169,30048,0
Iceland,65,0,0,3906,8169,30048,0
Iceland,66,0,0,3906,8172,30050,0
Iceland,67,0,0,3907,8312,32725,0
Iceland,68,0,0,3907,8916,33311,0
Iceland,69,0,0,3907,9301,33737,0
Iceland,70,0,0,3907,9301,33931,0
Iceland,71,0,0,3907,9302,33931,0
Iceland,72,0,0,3907,9302,33931,0
Iceland,73,0,0,3907,9303,33951,0
Iceland,74,0,0,3907,9303,37184,0
Iceland,75,0,0,4344,9303,37711,0
Iceland,76,0,0,4625,9303,38751,0
Iceland,77,0,0,4850,9303,38937,0
Iceland,78,0,0,4850,9304,38937,0
Iceland,79,0,0,4850,9304,38938,0
Iceland,80,0,0,5077,9304,40561,0
Iceland,81,0,0,5290,9313,43506,0
Iceland,82,0,0,6717,9313,43949,0
Iceland,83,0,0,6717,9346,44391,0
Iceland,84,0,0,6718,13989,44822,0
Iceland,85,0,0,6718,13989,45207,0
Iceland,86,0,0,6718,13989,45539,0
Iceland,87,0,0,6718,15001,46399,0
Iceland,88,0,0,6718,16462,49900,0
Iceland,89,0,0,6718,17257,50742,0
Iceland,90,0,0,6718,17258,50743,0
Iceland,91,0,0,6718,17258,50744,0
Iceland,92,0,0,6718,17259,50744,0
Iceland,93,0,0,6718,17259,50744,0
Iceland,94,0,0,6718,17259,50744,0
Iceland,95,0,0,6718,17261,50744,0
Iceland,96,0,0,6718,18085,55038,0
Iceland,97,0,0,6719,22388,57376,0
Iceland,98,0,0,8157,22758,57872,0
Iceland,99,0,0,8157,23273,57890,0
Iceland,100,0,0,8157,23273,57891,0
Iceland,101,0,0,8157,23295,57892,0
Iceland,102,0,0,8157,23315,64076,0
Iceland,103,0,0,8157,23849,65557,0
Iceland,104,0,0,8158,23964,66721,0
Iceland,105,0,0,8158,23966,67552,0
Iceland,106,0,0,8158,23966,67901,0
Iceland,107,0,0,8158,23966,68220,0
Iceland,108,0,0,8158,23966,68680,0
Iceland,109,0,0,8169,23967,75381,0
Iceland,110,0,0,12471,24027,77043,0
Iceland,111,0,0,12471,24028,77044,0
Iceland,112,0,0,12471,24029,77490,0
Iceland,113,0,0,12471,24029,77490,0
Iceland,114,0,0,12471,24029,77490,0
Iceland,115,0,0,12472,24029,77490,0
Iceland,116,0,0,12472,24318,84877,0
Iceland,117,0,376,12472,33986,86386,0
Iceland,118,0,376,12472,44573,88000,0
Iceland,119,0,467,12474,45058,88085,0
Iceland,120,0,467,12474,45059,88275,0
Iceland,121,0,468,12474,45059,88276,0
Iceland,122,0,469,12474,45059,88280,0
Iceland,123,0,523,12474,45142,99247,0
Iceland,124,0,7040,12474,45650,102192,0
Iceland,125,0,7933,12475,59685,104392,0
Iceland,126,0,8443,15354,59908,104423,0
Iceland,127,0,8443,15354,59908,104423,0
Iceland,128,0,8443,15354,59908,104423,0
Iceland,129,0,8444,15354,60057,104452,0
Iceland,130,0,8678,15354,60088,114497,0
Iceland,131,0,8875,15354,61394,117292,0
Iceland,132,0,8875,15354,62376,117292,0
Iceland,133,0,8875,15354,62399,117863,0
Iceland,134,0,8876,15354,62399,117863,0
Iceland,135,0,8876,15354,62399,117863,0
Iceland,136,0,8876,22543,62483,117865,0
Iceland,137,0,9247,22544,62768,125612,0
Iceland,138,0,10563,22544,63587,128523,0
Iceland,139,0,13185,22544,64499,131015,0
Iceland,140,0,13249,22556,64548,131372,0
Iceland,141,0,13249,22556,64548,131372,0
Iceland,142,0,13249,22556,64548,131372,0
Iceland,143,0,13249,22556,64548,131372,0
Iceland,144,0,13295,22557,64600,131373,0
Iceland,145,0,13465,22557,64777,143196,0
Iceland,146,0,13472,22557,67684,146143,0
Iceland,147,0,13523,22557,67715,146190,0
Iceland,148,0,13523,22557,67715,146190,0
Iceland,149,0,13523,22557,67715,146190,0
Iceland,150,0,13536,22557,67715,146191,0
Iceland,151,0,13634,22557,67804,154865,0
Iceland,152,0,14180,28300,67960,158908,0
Iceland,153,0,15245,28301,68104,161830,0
Iceland,154,0,15777,28301,68156,161910,0
Iceland,155,0,15777,28301,68156,161910,0
Iceland,156,0,15777,28301,68156,161910,0
Italy,-5,0,0,0,0,7186,0
Italy,-4,0,0,0,0,8615,0
Italy,-3,0,0,0,0,9630,0
Italy,-2,0,0,0,0,14357,0
Italy,-1,0,0,0,0,39849,0
Italy,0,0,0,0,0,50914,0
Italy,1,0,0,0,0,89476,0
Italy,2,0,0,0,0,124664,0
Italy,3,0,0,0,0,193583,0
Italy,4,0,0,0,0,273447,0
Italy,5,0,0,0,0,338687,0
Italy,6,0,0,0,0,431070,0
Italy,7,0,0,2,0,526829,0
Italy,8,0,0,2,0,613887,0
Italy,9,0,0,2,0,674291,0
Italy,10,0,0,2,0,755417,0
Italy,11,0,0,2,0,837973,0
Italy,12,0,0,3,0,932713,0
Italy,13,0,0,87,0,1026611,0
Italy,14,0,0,1183,1,1115451,0
Italy,15,0,0,2125,1,1179635,0
Italy,16,0,0,2418,1,1216486,0
Italy,17,0,0,3636,1,1259198,0
Italy,18,0,0,5729,1,1290041,0
Italy,19,0,0,9007,1,1317590,0
Italy,20,0,0,11799,1,1350432,0
Italy,21,0,0,13535,4,1375324,0
Italy,22,0,0,14535,4,1413290,0
Italy,23,0,0,15328,4,1446336,0
Italy,24,0,0,15924,4,1514838,0
Italy,25,0,0,16639,4,1594302,0
Italy,26,0,0,17257,4,1664536,0
Italy,27,0,0,18025,4,1757456,0
Italy,28,0,0,18832,4,1854564,0
Italy,29,0,0,19298,5,1944394,0
Italy,30,0,0,19493,5,2003765,0
Italy,31,0,0,20042,6,2088827,0
Italy,32,0,0,21161,16,2175698,0
Italy,33,0,0,22571,16,2273897,0
Italy,34,0,0,24213,17,2379977,0
Italy,35,0,0,27433,19,2484012,0
Italy,36,0,0,29520,19,2559630,0
Italy,37,0,0,30110,20,2600871,0
Italy,38,0,0,32723,21,2665063,0
Italy,39,0,0,36069,21,2728471,0
Italy,40,0,0,38884,22,2798436,0
Italy,41,0,0,42009,2924,2867044,0
Italy,42,0,0,46129,7677,2932156,0
Italy,43,0,0,50045,12963,2975701,0
Italy,44,0,0,51545,20115,2996891,0
Italy,45,0,0,55734,27016,3048485,0
Italy,46,0,0,62507,36332,3103545,0
Italy,47,0,0,70240,49040,3163419,0
Italy,48,0,0,77269,66455,3228774,0
Italy,49,0,0,84225,85799,3295326,0
Italy,50,0,0,90602,105115,3347850,0
Italy,51,0,0,96075,115782,3382696,0
Italy,52,0,0,102175,139117,3458821,0
Italy,53,0,0,107469,163934,3535231,0
Italy,54,0,0,113719,191254,3623680,0
Italy,55,0,0,119897,222945,3714144,0
Italy,56,0,0,125698,263186,3806314,0
Italy,57,0,0,132764,307962,3881291,0
Italy,58,0,0,135506,334600,3930181,0
Italy,59,0,0,142564,374657,4018718,0
Italy,60,0,0,150091,430495,4116936,0
Italy,61,0,0,159980,487623,4236010,0
Italy,62,0,0,170955,546793,4361942,0
Italy,63,0,0,183131,610912,4489271,0
Italy,64,0,0,196350,674109,4590113,0
Italy,65,0,0,204129,710493,4648296,0
Italy,66,0,4,216418,767725,4757389,0
Italy,67,0,4,229046,827569,4876734,0
Italy,68,0,4,240141,891006,5014362,0
Italy,69,0,4,252416,958784,5154047,0
Italy,70,0,4,262361,1028558,5283286,0
Italy,71,0,4,273717,1094933,5381655,0
Italy,72,0,4,280658,1135374,5439760,0
Italy,73,0,4,291739,1182710,5552568,0
Italy,74,0,4,303700,1182912,5680635,0
Italy,75,0,4,315209,1182953,5834576,0
Italy,76,0,4,328180,1183055,5984796,0
Italy,77,0,4,339533,1201233,6130661,0
Italy,78,0,4,351939,1250796,6243016,0
Italy,79,0,4,361545,1294832,6318974,0
Italy,80,0,4,373544,1362130,6432025,0
Italy,81,0,4,387274,1438269,6564163,0
Italy,82,0,4,402867,1511751,6727728,0
Italy,83,0,4,421227,1589542,6896984,0
Italy,84,0,4,440391,1668555,7065310,0
Italy,85,0,4,469251,1735476,7208991,0
Italy,86,0,4,486465,1790614,7299301,0
Italy,87,0,4,510843,1859905,7444945,0
Italy,88,0,4,539666,1931367,7609794,0
Italy,89,0,18,562897,1999686,7820066,0
Italy,90,0,18,587901,2052979,8026161,0
Italy,91,0,18,618257,2117809,8211117,0
Italy,92,0,19,654181,2164982,8357226,0
Italy,93,0,19,666271,2203112,8403100,0
Italy,94,0,19,686368,2262001,8494560,0
Italy,95,0,24,726132,2345601,8654099,0
Italy,96,0,24,755887,2425491,8866491,0
Italy,97,0,24,789812,2481745,9109483,0
Italy,98,0,24,825383,2533754,9355645,0
Italy,99,0,24,866226,2594364,9574485,0
Italy,100,0,24,884115,2631656,9721018,0
Italy,101,0,24,908706,2710050,9884581,0
Italy,102,0,24,936742,2805281,10049041,0
Italy,103,0,25,963834,2905778,10241436,0
Italy,104,0,25,988934,2996269,10476652,0
Italy,105,0,25,1010328,3103454,10727398,0
Italy,106,0,25,1032643,3212069,10956115,0
Italy,107,0,25,1046088,3284857,11111861,0
Italy,108,0,25,1063328,3380873,11309161,0
Italy,109,0,25,1087359,3477932,11521328,0
Italy,110,0,25,1117385,3579773,11762306,0
Italy,111,0,314,1149715,3671155,12036558,0
Italy,112,0,855,1182146,3767301,12311488,0
Italy,113,0,3886,1224591,3860598,12558856,0
Italy,114,0,12631,1257075,3936239,12709558,0
Italy,115,0,21957,1295924,4000705,12940911,0
Italy,116,0,31765,1348977,4068444,13183073,0
Italy,117,0,40687,1403251,4145381,13451278,0
Italy,118,0,50783,1457372,4233941,13826467,0
Italy,119,0,65232,1505476,4319787,14204515,0
Italy,120,0,83033,1547883,4387551,14509217,0
Italy,121,0,94589,1578691,4452067,14771903,0
Italy,122,0,106424,1619052,4543851,15039635,0
Italy,123,0,118355,1678521,4659458,15300081,0
Italy,124,0,132533,1733201,4783994,15588472,0
Italy,125,0,145432,1780651,4895159,15935646,0
Italy,126,0,157905,1833051,4999702,16308304,0
Italy,127,0,175061,1893132,5103473,16639024,0
Italy,128,0,184070,1925760,5194424,16888974,0
Italy,129,0,192150,1967476,5302700,17170142,0
Italy,130,0,201912,2032892,5405208,17447535,0
Italy,131,0,210744,2093958,5505442,17758986,0
Italy,132,0,218888,2141561,5597028,18136872,0
Italy,133,0,226977,2190945,5693676,18533542,0
Italy,134,0,244890,2245679,5789623,18908031,0
Italy,135,0,261046,2280531,5868643,19186690,0
Italy,136,0,278975,2325732,5947981,19507787,0
Italy,137,0,297051,2378138,6043735,19806650,0
Italy,138,0,315155,2432950,6143358,20116094,0
Italy,139,0,334695,2472434,6230792,20515476,0
Italy,140,0,352754,2516324,6323175,20921002,0
Italy,141,0,390905,2582061,6408769,21248380,0
Italy,142,0,426830,2637276,6469053,21503960,0
Italy,143,0,459253,2706343,6545971,21783274,0
Italy,144,0,488420,2803350,6644141,22029904,0
Italy,145,0,519066,2909781,6746488,22307717,0
Italy,146,0,540615,2984658,6841849,22695537,0
Italy,147,0,559226,3045713,6937500,23104310,0
Italy,148,0,577678,3102240,7012153,23475016,0
Italy,149,0,596468,3142357,7062375,23766906,0
Italy,150,0,652712,3227609,7134413,24024890,0
Italy,151,0,719225,3308278,7198094,24274424,0
Italy,152,0,756856,3355075,7235544,24562115,0
Italy,153,0,793942,3405719,7296400,24997456,0
Italy,154,0,838102,3461287,7356194,25453642,0
Italy,155,0,892526,3503376,7419886,25899164,0
Italy,156,0,938381,3533331,7486983,26259142,0
Italy,157,0,973870,3575654,7557480,26654219,0
Latvia,-4,0,0,0,0,595,0
Latvia,-3,0,0,0,0,1468,0
Latvia,-2,0,0,0,0,2261,0
Latvia,3,0,0,0,0,2960,0
Latvia,4,0,0,0,0,3849,0
Latvia,5,0,0,0,0,4625,0
Latvia,6,0,0,0,0,5434,0
Latvia,7,0,0,0,0,6341,0
Latvia,8,0,0,0,0,6646,0
Latvia,9,0,0,0,0,6982,0
Latvia,10,0,0,0,0,8349,0
Latvia,11,0,0,0,0,9976,0
Latvia,12,0,0,130,0,11358,0
Latvia,13,0,0,553,0,12759,0
Latvia,14,0,0,914,0,14272,0
Latvia,15,0,0,944,0,14910,0
Latvia,16,0,0,944,0,15027,0
Latvia,17,0,0,1088,0,15731,0
Latvia,18,0,0,1149,0,16547,0
Latvia,19,0,0,1159,0,17312,0
Latvia,20,0,0,1159,0,17591,0
Latvia,21,0,0,1179,0,17787,0
Latvia,22,0,0,1179,0,17913,0
Latvia,23,0,0,1179,0,17914,0
Latvia,24,0,0,1179,0,18582,0
Latvia,25,0,0,1190,0,19424,0
Latvia,26,0,0,1190,0,20247,0
Latvia,27,0,0,1190,0,21030,0
Latvia,28,0,0,1201,0,21984,0
Latvia,29,0,0,1201,0,22292,0
Latvia,30,0,0,1201,0,22626,0
Latvia,31,0,0,1201,0,23814,0
Latvia,32,0,0,1321,1,25509,0
Latvia,33,0,0,1542,1,26912,0
Latvia,34,0,0,1653,1,28308,0
Latvia,35,0,0,1743,1,29887,0
Latvia,36,0,0,1743,1,30457,0
Latvia,37,0,0,1743,1,30582,0
Latvia,38,0,0,1783,1,30953,0
Latvia,39,0,0,1803,21,31097,0
Latvia,40,0,0,1932,436,31183,0
Latvia,41,0,0,2316,1530,31491,0
Latvia,42,0,0,2660,2699,31717,0
Latvia,43,0,0,2710,2921,31846,0
Latvia,44,0,0,2730,2922,31846,0
Latvia,45,0,0,2882,3621,31874,0
Latvia,46,0,0,3101,4767,31892,0
Latvia,47,0,0,3233,6480,32046,0
Latvia,48,0,0,3471,7735,32106,0
Latvia,49,0,0,3679,8849,32163,0
Latvia,50,0,0,3699,9573,32163,0
Latvia,51,0,0,3699,10381,32163,0
Latvia,52,0,0,3943,11890,32195,0
Latvia,53,0,0,4164,14038,32222,0
Latvia,54,0,0,4315,18171,32261,0
Latvia,55,0,0,4575,22021,32354,0
Latvia,56,0,0,4789,25064,32485,0
Latvia,57,0,0,5109,25325,32494,0
Latvia,58,0,0,5110,25455,32495,0
Latvia,59,0,0,5491,26598,32734,0
Latvia,60,0,0,6216,27732,33059,0
Latvia,61,0,0,6968,30452,33709,0
Latvia,62,0,0,7496,35391,34234,0
Latvia,63,0,0,7972,39399,34583,0
Latvia,64,0,0,8057,40087,34584,0
Latvia,65,0,0,8057,40166,34584,0
Latvia,66,0,0,8319,41605,34584,0
Latvia,67,0,0,8677,43367,34823,0
Latvia,68,0,0,8959,44995,35385,0
Latvia,69,0,0,9115,47348,35529,0
Latvia,70,0,0,9248,52146,35570,0
Latvia,71,0,0,9318,52988,35570,0
Latvia,72,0,0,9318,53060,35570,0
Latvia,73,0,0,9420,56697,35570,0
Latvia,74,0,0,9582,56707,35580,0
Latvia,75,0,0,9743,56710,35587,0
Latvia,76,0,0,9964,56710,35640,0
Latvia,77,0,0,10257,57024,35734,0
Latvia,78,0,0,10307,57375,35734,0
Latvia,79,0,0,10307,57399,35734,0
Latvia,80,0,0,10915,59417,35734,0
Latvia,81,0,0,12116,63509,35927,0
Latvia,82,0,0,13590,67629,36467,0
Latvia,83,0,0,15194,70919,36948,0
Latvia,84,0,0,16852,72816,37398,0
Latvia,85,0,0,17255,72977,37398,0
Latvia,86,0,0,17255,73006,37398,0
Latvia,87,0,0,18281,74090,37398,0
Latvia,88,0,0,19577,76831,38374,0
Latvia,89,0,0,20918,79534,40072,0
Latvia,90,0,0,22421,81565,40705,0
Latvia,91,0,0,22664,81887,40706,0
Latvia,92,0,0,22820,84961,40845,0
Latvia,93,0,0,22828,86574,40845,0
Latvia,94,0,0,22960,89307,40846,0
Latvia,95,0,0,24684,92935,40897,0
Latvia,96,0,0,27078,99638,41018,0
Latvia,97,0,0,29075,104257,41464,0
Latvia,98,0,0,30486,107442,41758,0
Latvia,99,0,0,30638,108897,41806,0
Latvia,100,0,0,30638,108983,41806,0
Latvia,101,0,0,31200,110420,42216,0
Latvia,102,0,0,32079,112022,43447,0
Latvia,103,0,0,33949,114058,45849,0
Latvia,104,0,0,35769,115968,48132,0
Latvia,105,0,0,36652,120750,51528,0
Latvia,106,0,0,36864,125933,52338,0
Latvia,107,0,0,36960,126321,52776,0
Latvia,108,0,0,38264,127194,54531,0
Latvia,109,0,0,42238,128158,56939,0
Latvia,110,0,0,47626,129513,60349,0
Latvia,111,0,0,53567,130346,63380,0
Latvia,112,0,0,57703,131491,68860,0
Latvia,113,0,0,58061,132139,73993,0
Latvia,114,0,0,58281,132221,75045,0
Latvia,115,0,0,60368,133736,75947,0
Latvia,116,0,75,63709,136123,77632,0
Latvia,117,0,187,67777,138917,85284,0
Latvia,118,0,234,71945,141939,92383,0
Latvia,119,0,315,74889,144081,98739,0
Latvia,120,0,315,75127,144461,104976,0
Latvia,121,0,325,75157,144481,106513,0
Latvia,122,0,325,75786,145020,108299,0
Latvia,123,0,328,75871,145021,117065,0
Latvia,124,0,462,79735,147763,126976,0
Latvia,125,0,628,84055,151600,140218,0
Latvia,126,0,788,88054,154618,152930,0
Latvia,127,0,835,89720,155728,162359,0
Latvia,128,0,915,89721,155752,163871,0
Latvia,129,0,1039,91675,158073,168877,0
Latvia,130,0,1316,94224,160361,181701,0
Latvia,131,0,1706,97869,162856,197658,0
Latvia,132,0,2098,101427,165687,212660,0
Latvia,133,0,2649,104399,169115,227012,0
Latvia,134,0,2739,104925,169703,238917,0
Latvia,135,0,2759,105163,169742,243540,0
Latvia,136,0,3134,107770,172067,249798,0
Latvia,137,0,4045,112287,173792,259271,0
Latvia,138,0,5295,117343,175904,273062,0
Latvia,139,0,6565,123174,177978,284460,0
Latvia,140,0,8426,127158,179361,297049,0
Latvia,141,0,9497,128708,179769,306203,0
Latvia,142,0,9708,129538,179769,307947,0
Latvia,143,0,10769,132256,181666,313644,0
Latvia,144,0,11877,136247,183995,326578,0
Latvia,145,0,12899,140220,187137,340258,0
Latvia,146,0,13815,143824,189952,354625,0
Latvia,147,0,15208,147925,191912,371555,0
Latvia,148,0,16892,148575,192165,380867,0
Latvia,149,0,17622,148766,192199,383958,0
Latvia,150,0,18659,150478,193865,392519,0
Latvia,151,0,19584,152254,196507,407952,0
Latvia,152,0,20991,155094,199185,422734,0
Latvia,153,0,22023,159079,201428,436794,0
Latvia,154,0,23751,163632,202687,448187,0
Latvia,155,0,24571,164953,202917,456084,0
Latvia,156,0,25634,165059,202925,459889,0
Latvia,157,0,26503,167036,204688,467709,0
Lithuania,-5,0,0,0,0,2454,0
Lithuania,-4,0,0,0,0,5211,0
Lithuania,-3,0,0,0,0,8185,0
Lithuania,-2,0,0,0,0,9717,0
Lithuania,-1,0,0,0,0,9742,0
Lithuania,0,0,0,0,0,9742,0
Lithuania,1,0,0,0,0,9742,0
Lithuania,2,0,0,0,0,9742,0
Lithuania,3,0,0,0,0,9744,0
Lithuania,4,0,0,0,0,10368,0
Lithuania,5,0,0,0,0,13869,0
Lithuania,6,0,0,0,0,18046,0
Lithuania,7,0,0,0,0,23231,0
Lithuania,8,0,0,0,0,23535,0
Lithuania,9,0,0,0,0,23538,0
Lithuania,10,0,0,0,0,25744,0
Lithuania,11,0,0,0,0,27834,0
Lithuania,12,0,0,163,0,33930,0
Lithuania,13,0,0,471,0,42295,0
Lithuania,14,0,0,1042,0,49048,0
Lithuania,15,0,0,1042,0,50153,0
Lithuania,16,0,0,1043,0,51285,0
Lithuania,17,0,0,1580,0,55275,0
Lithuania,18,0,0,2076,0,61071,0
Lithuania,19,0,0,2314,0,64311,0
Lithuania,20,0,0,2374,0,65800,0
Lithuania,21,0,0,2374,0,66193,0
Lithuania,22,0,0,2374,0,66201,0
Lithuania,23,0,0,2374,0,66201,0
Lithuania,24,0,0,2374,0,66307,0
Lithuania,25,0,0,2374,0,69457,0
Lithuania,26,0,0,2374,0,76376,0
Lithuania,27,0,0,2374,0,83485,0
Lithuania,28,0,0,2374,0,91571,0
Lithuania,29,0,0,2374,0,92215,0
Lithuania,30,0,0,2374,0,92223,0
Lithuania,31,0,0,2374,0,95107,0
Lithuania,32,0,0,2696,2,98702,0
Lithuania,33,0,0,3327,2,104883,0
Lithuania,34,0,0,3909,3,114173,0
Lithuania,35,0,0,4054,3,121361,0
Lithuania,36,0,0,4054,4,122088,0
Lithuania,37,0,0,4054,4,122185,0
Lithuania,38,0,0,4142,4,124761,0
Lithuania,39,0,0,4382,303,127089,0
Lithuania,40,0,0,4693,3029,130211,0
Lithuania,41,0,0,5124,5530,136352,0
Lithuania,42,0,0,5749,7474,141084,0
Lithuania,43,0,0,5751,7787,141216,0
Lithuania,44,0,0,5751,7787,141217,0
Lithuania,45,0,0,7002,9636,142767,0
Lithuania,46,0,0,7002,9636,143284,0
Lithuania,47,0,0,8355,10613,149241,0
Lithuania,48,0,0,8890,12103,158558,0
Lithuania,49,0,0,9367,14880,165790,0
Lithuania,50,0,0,9367,15181,166494,0
Lithuania,51,0,0,9367,15181,166494,0
Lithuania,52,0,0,9535,17258,169731,0
Lithuania,53,0,0,9947,19271,175967,0
Lithuania,54,0,0,10081,21980,184841,0
Lithuania,55,0,0,10792,26097,191883,0
Lithuania,56,0,0,12297,30400,196115,0
Lithuania,57,0,0,12297,31048,196259,0
Lithuania,58,0,0,12297,31447,196310,0
Lithuania,59,0,0,15783,34256,197584,0
Lithuania,60,0,0,17671,35941,203361,0
Lithuania,61,0,0,19480,39086,210417,0
Lithuania,62,0,0,20548,42608,221300,0
Lithuania,63,0,0,21129,46909,230442,0
Lithuania,64,0,0,21217,47172,230717,0
Lithuania,65,0,0,21217,47172,230719,0
Lithuania,66,0,0,21699,53875,232451,0
Lithuania,67,0,0,22663,56643,240623,0
Lithuania,68,0,0,22856,62693,250022,0
Lithuania,69,0,0,22856,63049,250802,0
Lithuania,70,0,0,23110,69265,262267,0
Lithuania,71,0,0,23110,69553,263725,0
Lithuania,72,0,0,23110,69561,263742,0
Lithuania,73,0,0,23210,75326,265929,0
Lithuania,74,0,0,23412,78657,272599,0
Lithuania,75,0,0,23518,78751,282940,0
Lithuania,76,0,0,23649,78778,291179,0
Lithuania,77,0,0,25858,79305,297697,0
Lithuania,78,0,0,26392,79305,297898,0
Lithuania,79,0,0,26394,79305,297928,0
Lithuania,80,0,0,31206,81596,299049,0
Lithuania,81,0,0,32764,84377,307573,0
Lithuania,82,0,0,33879,88964,319471,0
Lithuania,83,0,0,34885,93403,330953,0
Lithuania,84,0,0,36510,98948,340187,0
Lithuania,85,0,0,36586,101772,340438,0
Lithuania,86,0,0,36586,101872,340522,0
Lithuania,87,0,0,38008,107322,341510,0
Lithuania,88,0,0,38197,109851,351666,0
Lithuania,89,0,0,39636,111903,368880,0
Lithuania,90,0,0,46892,114756,377055,0
Lithuania,91,0,0,53401,120444,384644,0
Lithuania,92,0,0,53594,128154,385411,0
Lithuania,93,0,0,53594,130557,385417,0
Lithuania,94,0,0,53604,134067,385613,0
Lithuania,95,0,0,56273,144651,387053,0
Lithuania,96,0,0,57523,154598,388598,0
Lithuania,97,0,0,58939,157326,411375,0
Lithuania,98,0,0,59370,162560,439175,0
Lithuania,99,0,0,59448,166750,450521,0
Lithuania,100,0,0,59502,167372,451564,0
Lithuania,101,0,0,59759,171395,456030,0
Lithuania,102,0,0,60167,173924,471885,0
Lithuania,103,0,0,60389,174980,497343,0
Lithuania,104,0,0,60637,178298,516933,0
Lithuania,105,0,0,60904,184514,530824,0
Lithuania,106,0,0,60936,185689,532123,0
Lithuania,107,0,0,60936,185769,532127,0
Lithuania,108,0,0,61367,189742,533555,0
Lithuania,109,0,0,63122,191212,545588,0
Lithuania,110,0,0,67264,191856,567457,0
Lithuania,111,0,0,71177,193958,587553,0
Lithuania,112,0,2,72639,201830,602849,0
Lithuania,113,0,2,73990,203100,604766,0
Lithuania,114,0,2,73991,203120,605010,0
Lithuania,115,0,12,74802,207391,606093,0
Lithuania,116,0,58,75225,208756,617336,0
Lithuania,117,0,220,75795,209445,631292,0
Lithuania,118,0,328,77872,211598,659626,0
Lithuania,119,0,414,82259,213279,691139,0
Lithuania,120,0,450,82683,214111,705618,0
Lithuania,121,0,450,82684,214118,706356,0
Lithuania,122,0,546,85953,218851,711614,0
Lithuania,123,0,856,89049,222359,732981,0
Lithuania,124,0,1352,90698,225596,762261,0
Lithuania,125,0,1994,96400,229469,787596,0
Lithuania,126,0,3652,100939,238219,806486,0
Lithuania,127,0,3950,102389,248303,810447,0
Lithuania,128,0,3952,102389,255430,810447,0
Lithuania,129,0,5600,104699,269646,812909,0
Lithuania,130,0,6330,107503,272767,832716,0
Lithuania,131,0,6764,108689,275362,860181,0
Lithuania,132,0,7674,110785,278184,884504,0
Lithuania,133,0,8336,113593,282270,908468,0
Lithuania,134,0,8368,113833,284886,911714,0
Lithuania,135,0,8368,113958,284926,912050,0
Lithuania,136,0,9232,122383,289258,914209,0
Lithuania,137,0,10474,124464,291957,932764,0
Lithuania,138,0,11788,127596,295645,957854,0
Lithuania,139,0,14142,130274,300127,980992,0
Lithuania,140,0,16112,133020,304157,998100,0
Lithuania,141,0,16526,134547,304523,1004863,0
Lithuania,142,0,17166,134682,304552,1005884,0
Lithuania,143,0,19314,137318,308427,1011780,0
Lithuania,144,0,21128,139607,311367,1030496,0
Lithuania,145,0,22746,140567,315180,1053273,0
Lithuania,146,0,24924,141399,318040,1077793,0
Lithuania,147,0,27854,144354,321815,1100487,0
Lithuania,148,0,34048,144659,322099,1105233,0
Lithuania,149,0,34048,144721,322117,1105745,0
Lithuania,150,0,34896,148620,331996,1109390,0
Lithuania,151,0,36262,151579,334607,1135251,0
Lithuania,152,0,37634,153017,340027,1167537,0
Lithuania,153,0,39832,155045,343023,1197699,0
Lithuania,154,0,42782,158167,349334,1227138,0
Lithuania,155,0,47394,159836,349723,1238480,0
Lithuania,156,0,47402,159930,349777,1243946,0
Lithuania,157,0,50562,162541,361706,1248666,0
Romania,-5,0,0,0,0,965,0
Romania,-4,0,0,0,0,2066,0
Romania,-3,0,0,0,0,2778,0
Romania,-2,0,0,0,0,5666,0
Romania,-1,0,0,0,0,10289,0
Romania,0,0,0,0,0,11656,0
Romania,1,0,0,0,0,13242,0
Romania,2,0,0,0,0,13596,0
Romania,3,0,0,0,0,25508,0
Romania,4,0,0,0,0,41609,0
Romania,5,0,0,0,0,58554,0
Romania,6,0,0,0,0,76400,0
Romania,7,0,0,0,0,92706,0
Romania,8,0,0,0,0,102301,0
Romania,9,0,0,0,0,108294,0
Romania,10,0,0,0,0,125190,0
Romania,11,0,0,0,0,140447,0
Romania,12,0,0,0,0,154268,0
Romania,13,0,0,0,0,168089,0
Romania,14,0,0,0,0,184146,0
Romania,15,0,0,0,0,196567,0
Romania,16,0,0,0,0,204662,0
Romania,17,0,0,0,0,234899,0
Romania,18,0,0,0,0,269706,0
Romania,19,0,0,0,0,308044,0
Romania,20,0,0,0,0,347756,0
Romania,21,0,0,0,0,385596,0
Romania,22,0,0,0,0,418545,0
Romania,23,0,0,0,0,445945,0
Romania,24,0,0,0,0,484291,0
Romania,25,0,0,0,0,528038,0
Romania,26,0,0,0,0,570364,0
Romania,27,0,0,0,0,609056,0
Romania,28,0,0,0,0,646660,0
Romania,29,0,0,0,0,672056,0
Romania,30,0,0,0,0,691075,0
Romania,31,0,0,0,0,720844,0
Romania,32,0,0,0,0,748392,0
Romania,33,0,0,0,0,771862,0
Romania,34,0,0,6443,0,788012,0
Romania,35,0,0,14944,0,806268,0
Romania,36,0,0,23087,0,817385,0
Romania,37,0,0,31026,0,824956,0
Romania,38,0,0,35454,0,855554,0
Romania,39,0,0,40399,0,889416,0
Romania,40,0,0,44448,0,926179,0
Romania,41,0,0,47769,0,961312,0
Romania,42,0,0,51388,0,997068,0
Romania,43,0,0,54855,0,1028900,0
Romania,44,0,0,57881,0,1055753,0
Romania,45,0,0,60916,6812,1083043,0
Romania,46,0,0,63951,13624,1111098,0
Romania,47,0,0,69323,22956,1139713,0
Romania,48,0,0,71707,31858,1168247,0
Romania,49,0,0,72378,41296,1196266,0
Romania,50,0,0,72676,50440,1219748,0
Romania,51,0,0,72791,58747,1239270,0
Romania,52,0,0,72935,68534,1259204,0
Romania,53,0,0,73010,78141,1278866,0
Romania,54,0,0,73017,87871,1297346,0
Romania,55,0,0,73020,98055,1307417,0
Romania,56,0,0,73020,109339,1315258,0
Romania,57,0,0,73020,119310,1320991,0
Romania,58,0,0,73020,127371,1324066,0
Romania,59,0,0,73020,136586,1347000,0
Romania,60,0,0,73020,146051,1375693,0
Romania,61,0,0,73020,154730,1405699,0
Romania,62,0,0,79862,162337,1434988,0
Romania,63,0,0,88224,170102,1466214,0
Romania,64,0,0,96530,177516,1499132,0
Romania,65,0,0,104227,184012,1530123,0
Romania,66,0,0,108871,190326,1562623,0
Romania,67,0,0,113813,197660,1598547,0
Romania,68,0,0,117819,204910,1638693,0
Romania,69,0,0,121218,211212,1678903,0
Romania,70,0,0,124766,217059,1718894,0
Romania,71,0,0,128144,222922,1758375,0
Romania,72,0,0,131137,228280,1792723,0
Romania,73,0,0,137600,235679,1828437,0
Romania,74,0,0,149732,242742,1869226,0
Romania,75,0,0,158781,249300,1907900,0
Romania,76,0,0,165150,256243,1946513,0
Romania,77,0,0,169966,263394,1984407,0
Romania,78,0,0,174732,271485,2022454,0
Romania,79,0,0,179154,279325,2054609,0
Romania,80,0,0,183177,286648,2090459,0
Romania,81,0,0,187546,294985,2135815,0
Romania,82,0,0,191868,302969,2182617,0
Romania,83,0,0,196122,310485,2229733,0
Romania,84,0,0,200231,318056,2273184,0
Romania,85,0,0,204969,326640,2318409,0
Romania,86,0,0,209212,334912,2360607,0
Romania,87,0,0,213039,342263,2401887,0
Romania,88,0,0,217516,349827,2454264,0
Romania,89,0,0,221682,356402,2501784,0
Romania,90,0,0,226033,362660,2548790,0
Romania,91,0,0,230533,368974,2595945,0
Romania,92,0,0,235329,374819,2640729,0
Romania,93,0,0,239724,379020,2680468,0
Romania,94,0,0,243667,382996,2723919,0
Romania,95,0,0,248385,386430,2770716,0
Romania,96,0,0,253339,389001,2818530,0
Romania,97,0,0,258603,391469,2867621,0
Romania,98,0,0,263626,393982,2914374,0
Romania,99,0,0,271279,397094,2965548,0
Romania,100,0,0,278832,399252,3012825,0
Romania,101,0,0,287423,407271,3059096,0
Romania,102,0,0,296167,417067,3117146,0
Romania,103,0,0,305182,426913,3178405,0
Romania,104,0,0,314259,436165,3240132,0
Romania,105,0,0,323062,446329,3300799,0
Romania,106,0,0,332539,456172,3362657,0
Romania,107,0,0,341162,464653,3417475,0
Romania,108,0,0,349011,475051,3474495,0
Romania,109,0,0,358891,485089,3543461,0
Romania,110,0,0,369970,495208,3614041,0
Romania,111,0,0,380592,505247,3680757,0
Romania,112,0,0,390799,516765,3749432,0
Romania,113,0,0,402275,526446,3817954,0
Romania,114,0,0,411876,534300,3877603,0
Romania,115,0,0,421055,543893,3939640,0
Romania,116,0,0,430671,553916,4004648,0
Romania,117,0,0,439342,563246,4070437,0
Romania,118,0,0,447398,571580,4134438,0
Romania,119,0,0,455671,579202,4197155,0
Romania,120,0,0,461395,584908,4245742,0
Romania,121,0,0,465528,588599,4279191,0
Romania,122,0,0,471274,593957,4334654,0
Romania,123,0,45,478246,602451,4404747,0
Romania,124,0,267,485462,610915,4483199,0
Romania,125,0,1159,494009,618693,4566436,0
Romania,126,0,2654,502226,625404,4642514,0
Romania,127,0,3325,512737,632302,4735067,0
Romania,128,0,3527,522443,638049,4823349,0
Romania,129,0,5270,530055,646291,4905212,0
Romania,130,0,8651,537276,654036,4992709,0
Romania,131,0,12662,544683,661214,5078867,0
Romania,132,0,17203,551854,668387,5163215,0
Romania,133,0,23115,559092,676145,5252621,0
Romania,134,0,25538,566632,684454,5353370,0
Romania,135,0,27008,572217,692147,5440284,0
Romania,136,0,31404,577717,699993,5517198,0
Romania,137,0,37860,585040,708606,5591759,0
Romania,138,0,45337,592929,716589,5662827,0
Romania,139,0,52508,600583,724401,5728149,0
Romania,140,0,59855,607662,732201,5790898,0
Romania,141,0,62730,615611,740674,5847052,0
Romania,142,0,65439,621592,748426,5884675,0
Romania,143,0,71246,627741,756116,5922644,0
Romania,144,0,78264,633965,763583,5970755,0
Romania,145,0,86267,639199,770285,6021938,0
Romania,146,0,94290,643967,776549,6070261,0
Romania,147,0,102965,648279,782802,6120498,0
Romania,148,0,107871,651064,788744,6183794,0
Romania,149,0,112771,652398,792930,6242467,0
Romania,150,0,120076,654399,797307,6292917,0
Romania,151,0,124027,656926,800876,6335638,0
Romania,152,0,130875,660017,803580,6378667,0
Romania,153,0,139973,663386,806233,6424160,0
Romania,154,0,150981,667729,808919,6474130,0
Romania,155,0,156197,671060,812017,6532740,0
Romania,156,0,160015,673620,814255,6582226,0
Switzerland,44,0,0,230142,0,320621,0
Switzerland,45,0,0,239411,0,329578,0
Switzerland,46,0,0,251764,0,340876,0
Switzerland,47,0,0,266796,0,353868,0
Switzerland,48,0,0,280829,0,366706,0
Switzerland,49,0,0,291982,0,378499,0
Switzerland,50,0,0,296490,0,380919,0
Switzerland,51,0,0,298510,0,382680,0
Switzerland,52,0,0,309007,0,391351,0
Switzerland,53,0,0,323892,0,401511,0
Switzerland,54,0,0,342430,0,414376,0
Switzerland,55,0,0,359044,0,425020,0
Switzerland,56,0,0,373896,0,433573,0
Switzerland,57,0,0,377626,0,436056,0
Switzerland,58,0,0,379112,0,437822,0
Switzerland,59,0,0,391779,0,446496,0
Switzerland,60,0,0,406209,0,456461,0
Switzerland,61,0,0,425703,0,472519,0
Switzerland,62,0,0,443631,0,485784,0
Switzerland,63,0,0,458623,0,498477,0
Switzerland,64,0,0,462011,0,500870,0
Switzerland,65,0,0,464161,0,502410,0
Switzerland,66,0,0,475229,0,513771,0
Switzerland,67,0,0,490394,0,527283,0
Switzerland,68,0,0,507342,0,543241,0
Switzerland,69,0,0,522837,0,557799,0
Switzerland,70,0,0,535675,0,570189,0
Switzerland,71,0,0,539591,0,571839,0
Switzerland,72,0,0,540508,0,573404,0
Switzerland,73,0,0,550235,0,584199,0
Switzerland,74,0,0,562484,0,599076,0
Switzerland,75,0,0,575695,0,619515,0
Switzerland,76,0,0,588696,0,638064,0
Switzerland,77,0,0,598509,0,655253,0
Switzerland,78,0,0,600741,0,659061,0
Switzerland,79,0,0,601029,0,660517,0
Switzerland,80,0,0,611729,0,674263,0
Switzerland,81,0,0,626954,0,689691,0
Switzerland,82,0,0,647640,0,709568,0
Switzerland,83,0,0,671007,0,721937,0
Switzerland,84,0,0,690676,0,735689,0
Switzerland,85,0,0,696699,0,738852,0
Switzerland,86,0,0,700896,0,742073,0
Switzerland,87,0,0,720150,0,754498,0
Switzerland,88,0,0,743817,0,769157,0
Switzerland,89,0,0,768746,0,786959,0
Switzerland,90,0,0,790238,0,803917,0
Switzerland,91,0,0,794664,0,808705,0
Switzerland,92,0,0,796652,0,812765,0
Switzerland,93,0,0,799187,0,814360,0
Switzerland,94,0,0,801216,0,818111,0
Switzerland,95,0,0,817188,0,838562,0
Switzerland,96,0,0,839724,0,863764,0
Switzerland,97,0,0,863392,0,888463,0
Switzerland,98,0,0,887327,0,909785,0
Switzerland,99,0,0,895891,0,915603,0
Switzerland,100,0,0,900813,0,918280,0
Switzerland,101,0,0,917397,0,944692,0
Switzerland,102,0,0,939199,0,973951,0
Switzerland,103,0,0,966915,0,1007132,0
Switzerland,104,0,0,992935,0,1034682,0
Switzerland,105,0,0,1018129,0,1060937,0
Switzerland,106,0,0,1028787,0,1068034,0
Switzerland,107,0,0,1032753,0,1073526,0
Switzerland,108,0,0,1052825,0,1104069,0
Switzerland,109,0,0,1080890,0,1137464,0
Switzerland,110,0,0,1119449,0,1174345,0
Switzerland,111,0,0,1158485,0,1205015,0
Switzerland,112,0,0,1190236,0,1235972,0
Switzerland,113,0,0,1207627,0,1244596,0
Switzerland,114,0,0,1216058,0,1252660,0
Switzerland,115,0,0,1243599,0,1279349,0
Switzerland,116,0,0,1281029,0,1311389,0
Switzerland,117,0,0,1324896,0,1347665,0
Switzerland,118,0,0,1362265,0,1378292,0
Switzerland,119,0,0,1395897,0,1405247,0
Switzerland,120,0,0,1412562,0,1417791,0
Switzerland,121,0,0,1420747,0,1425282,0
Switzerland,122,0,0,1446831,0,1456921,0
Switzerland,123,0,0,1483262,0,1491609,0
Switzerland,124,0,0,1532865,0,1528109,0
Switzerland,125,0,0,1583891,0,1560890,0
Switzerland,126,0,0,1636585,0,1588269,0
Switzerland,127,0,0,1661457,0,1602811,0
Switzerland,128,0,0,1677191,0,1610216,0
Switzerland,129,0,0,1722613,0,1641952,0
Switzerland,130,0,0,1776613,0,1677985,0
Switzerland,131,0,0,1841174,0,1718351,0
Switzerland,132,0,0,1869537,0,1735933,0
Switzerland,133,0,0,1918545,0,1764034,0
Switzerland,134,0,0,1947411,0,1777484,0
Switzerland,135,0,0,1961763,0,1786659,0
Switzerland,136,0,0,2009452,0,1819081,0
Switzerland,137,0,0,2067992,0,1854995,0
Switzerland,138,0,0,2143956,0,1893525,0
Switzerland,139,0,0,2213899,0,1925252,0
Switzerland,140,0,0,2277981,0,1957381,0
Switzerland,141,0,0,2310173,0,1970371,0
Switzerland,142,0,0,2331467,0,1978134,0
Switzerland,143,0,0,2364018,0,1994016,0
Switzerland,144,0,0,2422736,0,2028468,0
Switzerland,145,0,0,2493587,0,2066801,0
Switzerland,146,0,0,2561834,0,2097065,0
Switzerland,147,0,0,2627124,0,2127760,0
Switzerland,148,0,0,2663135,0,2142719,0
Switzerland,149,0,0,2684484,0,2154586,0
Switzerland,150,0,0,2740004,0,2187477,0
Switzerland,151,0,0,2808355,0,2221012,0
Switzerland,152,0,0,2897222,0,2254705,0
United States,11,0,0,3835859,0,5488697,0
United States,12,0,0,4249795,0,6025872,0
United States,14,0,0,5122662,0,7153268,0
United States,18,0,0,6828561,0,8874811,0
United States,19,0,0,7239750,0,9281063,0
United States,20,0,0,7724683,0,9817027,0
United States,21,0,0,8407909,0,10695066,0
United States,22,0,0,9061112,0,11471457,0
United States,23,0,0,9689497,0,12153536,0
United States,24,0,0,10084432,0,12551999,0
United States,25,0,0,10431466,0,13009981,0
United States,26,0,0,11001991,0,13550835,0
United States,27,0,0,11737592,0,14355980,0
United States,28,0,0,12619210,0,15164858,0
United States,29,0,0,13499942,0,15977015,0
United States,30,0,0,14246089,0,16775916,0
United States,31,0,0,14756609,0,17364398,0
United States,32,0,0,15006565,0,17672866,0
United States,33,0,0,15567188,0,18209204,0
United States,34,0,0,16260102,0,18841309,0
United States,35,0,0,17133644,0,19582865,0
United States,36,0,0,18336515,0,20598212,0
United States,37,0,0,19485089,0,21622193,0
United States,38,0,0,20066305,0,22247484,0
United States,39,0,0,20416765,0,22685406,0
United States,40,0,0,21189540,0,23475749,0
United States,41,0,0,22038088,0,24246868,0
United States,42,0,0,23111715,0,25192628,0
United States,43,0,0,24297615,0,26237417,0
United States,44,0,0,25505313,0,27271797,0
United States,46,0,0,26738383,0,28374410,0
United States,47,0,0,27287041,0,28886690,0
United States,48,0,0,28043413,0,29585627,0
United States,49,0,0,29044336,0,30431247,0
United States,50,0,0,29909492,0,31270062,0
United States,51,0,0,30747615,0,32232422,0
United States,52,0,0,31212925,0,32853883,0
United States,53,0,0,31569021,0,33352170,0
United States,54,0,0,32194245,0,34159027,0
United States,55,0,0,33066503,0,35095003,0
United States,56,0,0,34181226,0,36159403,0
United States,57,0,0,35422721,0,37269195,0
United States,58,0,0,36694414,0,38426567,0
United States,59,0,0,37522293,0,39262524,0
United States,60,0,0,38319678,0,40196532,0
United States,61,0,0,39248180,0,41175807,0
United States,62,0,0,40261524,0,42193285,0
United States,63,0,0,41507728,0,43373717,0
United States,64,0,0,42977312,0,44774584,0
United States,65,0,0,44195607,0,45932122,0
United States,66,0,208590,44936695,0,46824290,0
United States,67,0,308181,45635740,0,47628226,0
United States,68,0,458911,46535646,0,48605159,0
United States,69,0,638469,47733656,0,49708920,0
United States,70,0,873726,49169578,0,50960400,0
United States,71,0,1189207,51292130,0,53096054,0
United States,72,0,1273958,51951820,0,53708091,0
United States,73,0,1428465,52883263,0,54643581,0
United States,74,0,1569675,53647312,0,55393141,0
United States,75,0,1766131,54643195,0,56499018,0
United States,76,0,1911052,55811286,0,57876875,0
United States,77,0,2025349,56941640,0,59214724,0
United States,78,0,2163681,58294583,0,60849627,0
United States,79,0,2298614,59518840,0,62529418,0
United States,80,0,2406337,60275003,0,63693721,0
United States,81,0,2489153,60913292,0,64679659,0
United States,82,0,2622182,61719260,0,65995871,0
United States,83,0,2734367,62877755,0,67555076,0
United States,84,0,2863246,64313721,0,69368232,0
United States,85,0,2982453,65811340,0,71246219,0
United States,86,0,3090712,67249447,0,72981111,0
United States,87,0,3155418,68177850,0,74338025,0
United States,88,0,3215657,68858013,0,75386890,0
United States,89,0,3307113,69930956,0,76891912,0
United States,90,0,3429880,71338865,0,78717917,0
United States,91,0,3617377,72997571,0,80845236,0
United States,92,0,3840647,74713387,0,82986550,0
United States,93,0,4054089,76038933,0,84810406,0
United States,94,0,4204015,76791212,0,86041963,0
United States,95,0,4299901,77285350,0,86855993,0
United States,96,0,4544552,78315776,0,88463874,0
United States,97,0,4917225,79551820,0,90256586,0
United States,98,0,5382365,80944104,0,92355733,0
United States,99,0,5972101,82622178,0,94715143,0
United States,100,0,6453740,83847244,0,96586783,0
United States,101,0,6859877,84694388,0,97978125,0
United States,102,0,7233726,85435687,0,99453295,0
United States,103,0,7517671,86221076,0,100891617,0
United States,104,0,7736781,87539652,0,102877491,0
United States,105,0,7848027,89199649,0,105070417,0
United States,106,0,7902746,90718986,0,107083884,0
United States,107,0,7935549,92181455,0,109122092,0
United States,108,0,7949021,93002433,0,110461905,0
United States,109,0,7961251,93672874,0,111585824,0
United States,110,0,7993255,94684047,0,113104771,0
United States,111,0,8018365,95913701,0,114844028,0
United States,112,0,8040727,97353734,0,116754631,0
United States,113,0,8058239,98778973,0,118628496,0
United States,114,0,8079863,100031926,0,120373717,0
United States,115,0,8087269,100830533,0,121674501,0
United States,116,0,8097650,101463903,0,122669679,0
United States,117,0,8124392,102356935,0,123980028,0
United States,118,0,8166410,103474188,0,125540172,0
United States,119,0,8231139,104613893,0,127133399,0
United States,120,0,8318546,105947940,0,129013657,0
United States,121,0,8374395,106780082,0,130252779,0
United States,122,0,8409505,107155797,0,131030537,0
United States,123,0,8449067,107477821,0,131657484,0
United States,124,0,8516437,108142826,0,132721153,0
United States,125,0,8627243,109041458,0,134116885,0
United States,126,0,8739657,110124671,0,135725061,0
United States,127,0,8844369,111094349,0,137216849,0
United States,128,0,8933802,111933191,0,138657097,0
United States,129,0,9038423,112529278,0,139838655,0
United States,130,0,9188411,112990115,0,140760689,0
United States,131,0,9266062,113582961,0,141636737,0
United States,132,0,9352742,114354242,0,142692755,0
United States,133,0,9431604,115127784,0,143680891,0
United States,134,0,9558399,116066454,0,145007116,0
United States,135,0,9637126,116798390,0,146288690,0
United States,136,0,9697720,117247242,0,147265442,0
United States,137,0,9751200,117620781,0,147961277,0
United States,138,0,9836616,118181211,0,149068615,0
United States,139,0,9944636,118904886,0,150342238,0
United States,140,0,10051548,119668669,0,151668003,0
United States,141,0,10163242,120493252,0,153075845,0
United States,142,0,10265423,121125577,0,154119424,0
United States,143,0,10323402,121500687,0,154856445,0
United States,144,0,10381859,121801185,0,155394989,0
United States,145,0,10463078,122339269,0,156197160,0
United States,146,0,10539494,122947136,0,157023465,0
United States,147,0,10621136,123479196,0,157783315,0
United States,148,0,10710816,124067556,0,158708623,0
United States,149,0,10776617,124520914,0,159412031,0
United States,151,0,10858664,125016707,0,160309262,0
United States,152,0,10889478,125201557,0,160601395,0
United States,153,0,10939901,125508313,0,161050513,0
United States,154,0,11014773,125990795,0,161890897,0
United States,155,0,11077735,126359399,0,162606119,0
United States,156,0,11143068,126756059,0,163512789,0
United States,157,0,11194685,127058512,0,164371746,0
Uruguay,57,0,0,0,0,0,374
Uruguay,58,0,0,0,0,1,374
Uruguay,59,0,0,0,0,1,18394
Uruguay,60,0,0,0,0,18,33106
Uruguay,61,0,0,0,0,20,54400
Uruguay,62,0,0,0,0,22,63374
Uruguay,63,0,0,0,0,26,72563
Uruguay,64,0,0,0,1,26,72564
Uruguay,65,0,0,0,1,26,72564
Uruguay,66,0,0,0,1,27,100703
Uruguay,67,0,0,0,1,30,122528
Uruguay,68,0,0,0,1,30,147690
Uruguay,69,0,0,0,1,36,170095
Uruguay,70,0,0,0,1,21918,170951
Uruguay,71,0,0,0,1,32237,171054
Uruguay,72,0,0,0,1,32237,171055
Uruguay,73,0,0,0,1,38458,176093
Uruguay,74,0,0,0,1,40478,180733
Uruguay,75,0,0,0,1,41932,187169
Uruguay,76,0,0,0,2,42174,223446
Uruguay,77,0,0,0,29,42269,259618
Uruguay,78,0,0,0,31,42299,272069
Uruguay,79,0,0,0,31,42311,272076
Uruguay,80,0,0,0,33,60038,293229
Uruguay,81,0,0,0,33,76256,313508
Uruguay,82,0,0,0,33,86675,338503
Uruguay,83,0,0,0,33,95772,372861
Uruguay,84,0,0,0,33,104396,405357
Uruguay,85,0,0,0,33,107665,415255
Uruguay,86,0,0,0,33,107669,415260
Uruguay,87,0,0,0,34,116428,460860
Uruguay,88,0,0,0,34,125061,504385
Uruguay,89,0,0,0,34,133357,554064
Uruguay,90,0,0,0,35,142060,593427
Uruguay,91,0,0,0,35,151477,633265
Uruguay,92,0,0,0,35,154805,642295
Uruguay,93,0,0,0,36,154807,642301
Uruguay,94,0,0,0,36,155506,679895
Uruguay,95,0,0,0,36,156165,723318
Uruguay,96,0,0,0,44,156175,769417
Uruguay,97,0,0,0,44,156188,818130
Uruguay,98,0,0,0,44,185190,828891
Uruguay,99,0,0,0,44,208495,832624
Uruguay,100,0,0,0,45,208497,832989
Uruguay,101,0,0,0,45,219243,875528
Uruguay,102,0,0,0,49,231910,920176
Uruguay,103,0,0,0,50,244166,965728
Uruguay,104,0,0,0,50,255306,1018200
Uruguay,105,0,0,0,50,266203,1070103
Uruguay,106,0,0,0,18777,269857,1082686
Uruguay,107,0,0,0,33835,270169,1082940
Uruguay,108,0,0,0,34736,285885,1105185
Uruguay,109,0,0,0,35342,305931,1130283
Uruguay,110,0,0,0,36185,323411,1158449
Uruguay,111,0,0,0,37018,335931,1196250
Uruguay,112,0,0,0,37870,351192,1231156
Uruguay,113,0,0,0,38375,360794,1243341
Uruguay,114,0,0,0,38375,360794,1243851
Uruguay,115,0,0,0,39186,374117,1274860
Uruguay,116,0,0,0,39758,387052,1306285
Uruguay,117,0,0,0,40311,400395,1336628
Uruguay,118,0,0,0,40901,413636,1368849
Uruguay,119,0,0,0,41473,428200,1401443
Uruguay,120,0,0,0,41473,428229,1401458
Uruguay,121,0,0,0,41473,428237,1401621
Uruguay,122,0,0,0,41528,441729,1420420
Uruguay,123,0,0,0,41596,454132,1441853
Uruguay,124,0,0,0,41730,464351,1463836
Uruguay,125,0,0,0,41777,473512,1491131
Uruguay,126,0,0,0,42230,482255,1500931
Uruguay,127,0,0,0,42323,485884,1504293
Uruguay,128,0,0,0,42323,485884,1504632
Uruguay,129,0,0,0,42417,493020,1541478
Uruguay,130,0,0,0,42587,498424,1578824
Uruguay,131,0,0,0,42696,505266,1616184
Uruguay,132,0,0,0,42702,518004,1665808
Uruguay,133,0,0,0,42727,530464,1713536
Uruguay,134,0,0,0,42748,534193,1731149
Uruguay,135,0,0,0,42748,534193,1731265
Uruguay,136,0,0,0,42748,541810,1776140
Uruguay,137,0,0,0,42755,549167,1820274
Uruguay,138,0,0,0,42808,551975,1861003
Uruguay,139,0,0,0,42832,560272,1900072
Uruguay,140,0,0,0,42835,571742,1929531
Uruguay,141,0,0,0,42835,572046,1943747
Uruguay,142,0,0,0,42836,572046,1945162
Uruguay,143,0,0,0,42842,580750,1977701
Uruguay,144,0,0,0,42867,588551,2008546
Uruguay,145,0,0,0,42927,598469,2036390
Uruguay,146,0,0,0,42927,610430,2063530
Uruguay,147,0,0,0,42956,623592,2087288
Uruguay,148,0,0,0,42956,639535,2096148
Uruguay,149,0,0,0,42956,639537,2097469
Uruguay,150,0,0,0,42957,652330,2130341
Uruguay,151,0,0,0,42957,665336,2162744
Uruguay,152,0,0,0,42957,678187,2194528
Uruguay,153,0,0,0,42958,690930,2225772
Uruguay,154,0,0,0,42966,703765,2256223
Uruguay,155,0,0,0,42967,706916,2267450
Uruguay,156,0,0,0,42968,706916,2268365
Uruguay,157,0,0,0,42968,711390,2303815
